time,band1,band2,band3,band4,band5
0.0,8229.0,7901.0,1706.0,1090.0,410.0
1.0,7635.0,7640.0,1709.0,1075.0,378.0
2.0,7626.0,7264.0,1575.0,987.0,363.0
3.0,8332.0,8338.0,1775.0,1073.0,390.0
4.0,8039.0,7744.0,1604.0,1085.0,372.0
5.0,8014.0,7356.0,1573.0,964.0,321.0
6.0,7735.0,7021.0,1456.0,977.0,334.0
7.0,7130.0,6441.0,1338.0,880.0,307.0
8.0,7546.0,7014.0,1460.0,980.0,309.0
9.0,7526.0,6392.0,1334.0,825.0,306.0
10.0,5539.0,4720.0,892.0,698.0,234.0
11.0,7118.0,6159.0,1277.0,819.0,292.0
12.0,7497.0,6688.0,1359.0,910.0,332.0
13.0,6373.0,5478.0,1040.0,743.0,258.0
14.0,6660.0,5597.0,1189.0,778.0,227.0
15.0,7500.0,6499.0,1328.0,837.0,300.0
16.0,9264.0,8251.0,1702.0,1107.0,366.0
17.0,9456.0,8731.0,1722.0,1103.0,396.0
18.0,10305.0,9324.0,1953.0,1247.0,441.0
19.0,11139.0,10980.0,2410.0,1691.0,638.0
20.0,7798.0,8067.0,1834.0,1210.0,447.0
21.0,6959.0,7223.0,1712.0,1105.0,403.0
22.0,5312.0,4933.0,1039.0,719.0,236.0
23.0,6382.0,6225.0,1242.0,854.0,310.0
24.0,7708.0,8030.0,1711.0,1251.0,430.0
25.0,8787.0,9233.0,2003.0,1287.0,437.0
26.0,9135.0,9340.0,2103.0,1370.0,470.0
27.0,9716.0,9650.0,1914.0,1201.0,372.0
28.0,9541.0,9409.0,2073.0,1345.0,478.0
29.0,9078.0,8556.0,1767.0,1130.0,372.0
30.0,9274.0,9181.0,1943.0,1332.0,420.0
31.0,9312.0,9115.0,2021.0,1271.0,465.0
32.0,10646.0,10373.0,2222.0,1413.0,468.0
33.0,9239.0,9495.0,2097.0,1375.0,463.0
34.0,10056.0,10543.0,2337.0,1546.0,541.0
35.0,11031.0,11773.0,2586.0,1734.0,612.0
36.0,11177.0,11759.0,2721.0,1838.0,630.0
37.0,10353.0,11026.0,2366.0,1605.0,554.0
38.0,10897.0,11317.0,2480.0,1627.0,589.0
39.0,13433.0,15358.0,3425.0,2325.0,857.0
40.0,10113.0,10335.0,2271.0,1563.0,540.0
41.0,8792.0,8800.0,1848.0,1290.0,447.0
42.0,6515.0,5954.0,1303.0,817.0,274.0
43.0,5982.0,4923.0,1012.0,656.0,263.0
44.0,8889.0,8610.0,1827.0,1204.0,408.0
45.0,9963.0,9688.0,2072.0,1428.0,502.0
46.0,7717.0,7807.0,1750.0,1145.0,431.0
47.0,7410.0,7385.0,1533.0,1038.0,346.0
48.0,8659.0,9100.0,2021.0,1269.0,486.0
49.0,12343.0,13509.0,3070.0,1993.0,712.0
50.0,10472.0,11631.0,2675.0,1855.0,637.0
51.0,8661.0,9283.0,2172.0,1384.0,527.0
52.0,6434.0,6613.0,1529.0,1008.0,360.0
53.0,7677.0,7798.0,1760.0,1165.0,411.0
54.0,7493.0,7527.0,1607.0,1128.0,398.0
55.0,7059.0,6791.0,1411.0,853.0,299.0
56.0,9262.0,8816.0,1680.0,1077.0,348.0
57.0,8543.0,7671.0,1538.0,1000.0,399.0
58.0,8625.0,7547.0,1526.0,999.0,326.0
59.0,8799.0,7447.0,1539.0,975.0,317.0
60.0,6897.0,5533.0,1122.0,800.0,270.0
61.0,8043.0,7399.0,1418.0,930.0,307.0
62.0,7649.0,6119.0,1245.0,826.0,262.0
63.0,7472.0,6378.0,1332.0,871.0,271.0
64.0,7159.0,5763.0,1188.0,799.0,315.0
65.0,6785.0,5919.0,1185.0,793.0,296.0
66.0,6129.0,5185.0,1057.0,725.0,238.0
67.0,5127.0,3945.0,828.0,562.0,190.0
68.0,7943.0,6401.0,1266.0,776.0,271.0
69.0,7836.0,6297.0,1221.0,758.0,276.0
70.0,7671.0,6417.0,1295.0,859.0,306.0
71.0,8040.0,7101.0,1439.0,917.0,347.0
72.0,6859.0,5494.0,1026.0,616.0,215.0
73.0,7183.0,5920.0,1148.0,790.0,283.0
74.0,7175.0,5819.0,1106.0,774.0,251.0
75.0,10506.0,9358.0,1968.0,1334.0,452.0
76.0,10599.0,10833.0,2370.0,1517.0,586.0
77.0,6984.0,6532.0,1349.0,931.0,325.0
78.0,7243.0,6783.0,1449.0,957.0,318.0
79.0,6999.0,6883.0,1462.0,931.0,321.0
80.0,9205.0,8988.0,2025.0,1211.0,438.0
81.0,6547.0,6523.0,1391.0,982.0,325.0
82.0,6214.0,6103.0,1431.0,949.0,339.0
83.0,7386.0,7443.0,1697.0,1092.0,381.0
84.0,7421.0,7280.0,1621.0,1015.0,378.0
85.0,8758.0,9155.0,2090.0,1316.0,458.0
86.0,8967.0,8868.0,1865.0,1177.0,447.0
87.0,12382.0,13679.0,2963.0,1989.0,662.0
88.0,10694.0,11272.0,2619.0,1796.0,630.0
89.0,8279.0,8621.0,1966.0,1304.0,450.0
90.0,5374.0,4852.0,1002.0,684.0,288.0
91.0,5908.0,5358.0,1153.0,788.0,282.0
92.0,6348.0,5722.0,1232.0,760.0,281.0
93.0,7053.0,6640.0,1470.0,961.0,359.0
94.0,9346.0,9201.0,1987.0,1237.0,428.0
95.0,9478.0,8854.0,1737.0,1154.0,390.0
96.0,9977.0,9462.0,2041.0,1369.0,478.0
97.0,7713.0,7938.0,1893.0,1254.0,433.0
98.0,8339.0,8894.0,2115.0,1492.0,528.0
99.0,7009.0,7329.0,1727.0,1157.0,390.0
100.0,7820.0,8283.0,1926.0,1231.0,455.0
101.0,8612.0,9357.0,2153.0,1503.0,452.0
102.0,7899.0,8066.0,1980.0,1312.0,498.0
103.0,7702.0,7639.0,1716.0,1136.0,365.0
104.0,9611.0,9642.0,2094.0,1368.0,469.0
105.0,9976.0,10406.0,2276.0,1533.0,488.0
106.0,9317.0,9829.0,2142.0,1486.0,471.0
107.0,10706.0,11535.0,2577.0,1682.0,624.0
108.0,9981.0,10731.0,2443.0,1656.0,553.0
109.0,12989.0,13907.0,3225.0,2177.0,694.0
110.0,13042.0,14561.0,3327.0,2115.0,709.0
111.0,12159.0,13554.0,3144.0,2050.0,706.0
112.0,9943.0,10720.0,2398.0,1655.0,599.0
113.0,5826.0,5834.0,1228.0,826.0,282.0
114.0,5313.0,4887.0,1067.0,727.0,274.0
115.0,4729.0,3901.0,883.0,579.0,206.0
116.0,5722.0,4935.0,1003.0,680.0,197.0
117.0,6451.0,5806.0,1178.0,780.0,263.0
118.0,5617.0,4890.0,1096.0,689.0,281.0
119.0,6230.0,5868.0,1285.0,826.0,324.0
120.0,6548.0,5669.0,1137.0,715.0,263.0
121.0,6664.0,5570.0,1127.0,676.0,247.0
122.0,7171.0,5810.0,1111.0,725.0,254.0
123.0,7855.0,6521.0,1349.0,876.0,272.0
124.0,8436.0,7242.0,1400.0,929.0,299.0
125.0,7930.0,6530.0,1241.0,778.0,280.0
126.0,8750.0,7448.0,1456.0,909.0,331.0
127.0,7621.0,6482.0,1309.0,882.0,349.0
128.0,8931.0,7796.0,1565.0,1061.0,348.0
129.0,8962.0,8091.0,1742.0,1115.0,391.0
130.0,9953.0,10024.0,2314.0,1521.0,537.0
131.0,8631.0,9096.0,2101.0,1411.0,510.0
132.0,7159.0,7194.0,1603.0,1137.0,354.0
133.0,7674.0,7820.0,1720.0,1166.0,390.0
134.0,6905.0,7231.0,1632.0,1086.0,376.0
135.0,7702.0,7358.0,1578.0,1015.0,388.0
136.0,8963.0,8866.0,1942.0,1264.0,433.0
137.0,9855.0,10513.0,2317.0,1520.0,508.0
138.0,7863.0,8239.0,1965.0,1304.0,500.0
139.0,7061.0,6948.0,1569.0,1080.0,365.0
140.0,6206.0,5651.0,1190.0,780.0,281.0
141.0,6608.0,5589.0,1230.0,786.0,321.0
142.0,5808.0,4946.0,1001.0,651.0,246.0
143.0,5173.0,4081.0,811.0,598.0,219.0
144.0,5102.0,4186.0,888.0,558.0,200.0
145.0,6278.0,5250.0,1000.0,633.0,222.0
146.0,8321.0,6655.0,1264.0,813.0,307.0
147.0,8032.0,6690.0,1345.0,806.0,314.0
148.0,10986.0,9171.0,1692.0,1073.0,367.0
149.0,9701.0,8367.0,1546.0,983.0,348.0
150.0,8438.0,6871.0,1344.0,828.0,297.0
151.0,7747.0,6108.0,1174.0,711.0,266.0
152.0,8778.0,7006.0,1344.0,855.0,314.0
153.0,13810.0,13249.0,2787.0,1898.0,624.0
154.0,7229.0,6900.0,1596.0,1058.0,372.0
155.0,6324.0,6245.0,1406.0,818.0,322.0
156.0,6432.0,6267.0,1378.0,936.0,311.0
157.0,8032.0,7983.0,1707.0,1103.0,433.0
158.0,8892.0,8534.0,1745.0,1238.0,420.0
159.0,8559.0,8896.0,1962.0,1274.0,409.0
160.0,6452.0,6109.0,1302.0,832.0,324.0
161.0,6144.0,5820.0,1350.0,919.0,338.0
162.0,6903.0,6957.0,1483.0,1019.0,368.0
163.0,6772.0,6819.0,1514.0,994.0,321.0
164.0,8771.0,8603.0,1792.0,1234.0,396.0
165.0,8495.0,8757.0,1921.0,1226.0,463.0
166.0,8772.0,9509.0,2103.0,1494.0,521.0
167.0,7629.0,7736.0,1715.0,1100.0,405.0
168.0,7540.0,7738.0,1720.0,1150.0,385.0
169.0,9183.0,9846.0,2242.0,1499.0,510.0
170.0,11203.0,12163.0,2581.0,1644.0,563.0
171.0,13379.0,14383.0,3236.0,2009.0,724.0
172.0,9474.0,8808.0,1837.0,1154.0,433.0
173.0,8304.0,7794.0,1707.0,1218.0,389.0
174.0,6329.0,5723.0,1269.0,861.0,308.0
175.0,4932.0,4395.0,976.0,706.0,241.0
176.0,5177.0,4591.0,941.0,619.0,245.0
177.0,6041.0,5458.0,1152.0,769.0,310.0
178.0,7530.0,7893.0,1829.0,1217.0,445.0
179.0,6002.0,6241.0,1466.0,1006.0,358.0
180.0,5030.0,4921.0,1109.0,771.0,270.0
181.0,6150.0,6041.0,1310.0,855.0,332.0
182.0,7099.0,7502.0,1742.0,1165.0,429.0
183.0,6101.0,6038.0,1423.0,962.0,332.0
184.0,5914.0,5930.0,1314.0,913.0,313.0
185.0,7369.0,7608.0,1806.0,1151.0,400.0
186.0,5836.0,5698.0,1365.0,826.0,327.0
187.0,6498.0,6593.0,1444.0,986.0,356.0
188.0,8526.0,9019.0,2010.0,1284.0,442.0
189.0,10761.0,11304.0,2435.0,1593.0,521.0
190.0,9898.0,10397.0,2251.0,1471.0,514.0
191.0,9265.0,9541.0,2116.0,1378.0,450.0
192.0,12184.0,13051.0,2872.0,1903.0,641.0
193.0,12303.0,13151.0,2975.0,1910.0,638.0
194.0,11637.0,12740.0,2876.0,1929.0,654.0
195.0,9553.0,10217.0,2362.0,1647.0,545.0
196.0,10421.0,11351.0,2545.0,1667.0,597.0
197.0,8879.0,8168.0,1762.0,1221.0,425.0
198.0,7402.0,7015.0,1548.0,1072.0,390.0
199.0,6938.0,6668.0,1400.0,1017.0,337.0
200.0,7060.0,6835.0,1497.0,1021.0,358.0
5561.0,8076.0,8794.0,2044.0,1358.0,485.0
5562.0,7778.0,8546.0,1948.0,1311.0,478.0
5563.0,10084.0,11177.0,2624.0,1845.0,614.0
5564.0,10015.0,10582.0,2376.0,1533.0,564.0
5565.0,8119.0,8556.0,1944.0,1309.0,453.0
5566.0,6305.0,6548.0,1421.0,1006.0,349.0
5567.0,5112.0,5244.0,1160.0,833.0,272.0
5568.0,5175.0,4994.0,1189.0,788.0,241.0
5569.0,4550.0,4386.0,1028.0,629.0,236.0
5570.0,5518.0,5231.0,1107.0,769.0,234.0
5571.0,6494.0,6436.0,1324.0,899.0,324.0
5572.0,6558.0,6228.0,1297.0,912.0,318.0
5573.0,6404.0,6062.0,1333.0,847.0,309.0
5574.0,4454.0,3866.0,860.0,541.0,206.0
5575.0,4429.0,3909.0,800.0,548.0,192.0
5576.0,6768.0,5785.0,1219.0,805.0,297.0
5577.0,6876.0,6222.0,1229.0,834.0,296.0
5578.0,8570.0,8047.0,1731.0,1062.0,396.0
5579.0,7977.0,7073.0,1502.0,984.0,288.0
5580.0,9376.0,9307.0,2220.0,1418.0,468.0
5581.0,9722.0,10004.0,2355.0,1530.0,532.0
5582.0,9270.0,9791.0,2239.0,1460.0,555.0
5583.0,7187.0,7554.0,1799.0,1259.0,423.0
5584.0,5112.0,5201.0,1180.0,814.0,311.0
5585.0,4848.0,4809.0,1099.0,750.0,253.0
5586.0,4248.0,4091.0,961.0,624.0,194.0
5587.0,5527.0,5623.0,1329.0,899.0,316.0
5588.0,7861.0,8279.0,1919.0,1226.0,433.0
5589.0,8371.0,8915.0,2064.0,1310.0,436.0
5590.0,8232.0,8822.0,2037.0,1349.0,456.0
5591.0,8639.0,9634.0,2157.0,1466.0,534.0
5592.0,6780.0,7249.0,1702.0,1279.0,443.0
5593.0,8315.0,9183.0,2129.0,1495.0,482.0
5594.0,5782.0,5924.0,1389.0,923.0,336.0
5595.0,5959.0,5831.0,1275.0,910.0,330.0
5596.0,5001.0,4896.0,1103.0,781.0,269.0
5597.0,3601.0,3349.0,715.0,516.0,175.0
5598.0,3661.0,3643.0,808.0,587.0,209.0
5599.0,3906.0,3332.0,720.0,475.0,157.0
5600.0,5213.0,4501.0,915.0,622.0,241.0
5601.0,6123.0,5485.0,1197.0,696.0,256.0
5602.0,6525.0,6041.0,1248.0,872.0,312.0
5603.0,7396.0,6310.0,1308.0,791.0,282.0
5604.0,7193.0,6157.0,1322.0,833.0,265.0
5605.0,7480.0,6290.0,1202.0,774.0,261.0
5606.0,7942.0,6523.0,1296.0,840.0,325.0
5607.0,5738.0,4579.0,892.0,614.0,205.0
5608.0,7351.0,6312.0,1320.0,871.0,328.0
5609.0,6756.0,5407.0,1180.0,790.0,314.0
5610.0,10123.0,9163.0,1973.0,1272.0,478.0
5611.0,8894.0,8324.0,1871.0,1204.0,471.0
5612.0,11104.0,11168.0,2419.0,1620.0,579.0
5613.0,11239.0,11093.0,2344.0,1566.0,527.0
5614.0,9146.0,8791.0,1857.0,1168.0,394.0
5615.0,11060.0,10770.0,2143.0,1339.0,414.0
5616.0,8879.0,8483.0,1801.0,1214.0,430.0
5617.0,8435.0,8810.0,1952.0,1311.0,433.0
5618.0,7325.0,7291.0,1671.0,1163.0,390.0
5619.0,7824.0,8080.0,1912.0,1266.0,431.0
5620.0,6660.0,6645.0,1526.0,984.0,324.0
5621.0,8507.0,8815.0,1979.0,1275.0,445.0
5622.0,8459.0,8860.0,1986.0,1271.0,447.0
5623.0,9225.0,10310.0,2355.0,1562.0,549.0
5624.0,8281.0,8282.0,1863.0,1211.0,437.0
5625.0,8071.0,8587.0,1937.0,1281.0,454.0
5626.0,7214.0,7212.0,1582.0,1102.0,406.0
5627.0,7795.0,8332.0,1985.0,1306.0,433.0
5628.0,6942.0,7595.0,1787.0,1277.0,415.0
5629.0,8251.0,9078.0,2089.0,1431.0,512.0
5630.0,6815.0,6813.0,1549.0,1059.0,380.0
5631.0,5672.0,5428.0,1163.0,848.0,311.0
5632.0,6908.0,6601.0,1517.0,978.0,385.0
5633.0,6442.0,6075.0,1355.0,918.0,307.0
5634.0,6019.0,5494.0,1243.0,790.0,275.0
5635.0,6538.0,6229.0,1282.0,879.0,340.0
5636.0,5433.0,5004.0,1039.0,717.0,266.0
5637.0,5234.0,4958.0,1104.0,705.0,262.0
5638.0,8053.0,8440.0,1909.0,1273.0,450.0
5639.0,8018.0,8634.0,1962.0,1297.0,453.0
5640.0,6447.0,6820.0,1621.0,1058.0,433.0
5641.0,6098.0,6274.0,1429.0,935.0,311.0
5642.0,5837.0,5952.0,1330.0,916.0,327.0
5643.0,8092.0,8510.0,1868.0,1174.0,438.0
5644.0,7842.0,8283.0,1896.0,1252.0,445.0
5645.0,8464.0,8805.0,1988.0,1199.0,453.0
5646.0,8613.0,9464.0,2177.0,1458.0,495.0
5647.0,8049.0,9036.0,2085.0,1453.0,520.0
5648.0,6838.0,6672.0,1529.0,990.0,376.0
5649.0,6360.0,6276.0,1319.0,941.0,330.0
5650.0,5695.0,5351.0,1223.0,812.0,242.0
5651.0,5837.0,5339.0,1060.0,680.0,255.0
5652.0,6615.0,6370.0,1221.0,872.0,300.0
5653.0,5878.0,5456.0,1194.0,769.0,267.0
5654.0,5502.0,4856.0,1125.0,746.0,258.0
5655.0,4974.0,4419.0,929.0,694.0,215.0
5656.0,5965.0,5176.0,1042.0,685.0,235.0
5657.0,6246.0,5536.0,1245.0,805.0,273.0
5658.0,6683.0,5959.0,1223.0,731.0,296.0
5659.0,7739.0,7080.0,1461.0,998.0,336.0
5660.0,8333.0,6843.0,1333.0,945.0,312.0
5661.0,7540.0,6499.0,1363.0,858.0,331.0
5662.0,6578.0,5581.0,1181.0,771.0,283.0
5663.0,7040.0,6818.0,1498.0,952.0,363.0
5664.0,6943.0,7093.0,1546.0,1016.0,369.0
5665.0,6480.0,6548.0,1495.0,994.0,344.0
5666.0,8301.0,8417.0,1713.0,1132.0,401.0
5667.0,9356.0,9766.0,2209.0,1411.0,450.0
5668.0,9466.0,9923.0,2180.0,1440.0,502.0
5669.0,10462.0,11431.0,2580.0,1730.0,619.0
5670.0,8192.0,8206.0,1792.0,1222.0,408.0
5671.0,8164.0,8335.0,1829.0,1312.0,462.0
5672.0,8394.0,8044.0,1821.0,1184.0,373.0
5673.0,8499.0,8635.0,1820.0,1217.0,413.0
5674.0,7846.0,7397.0,1575.0,1034.0,364.0
5675.0,8086.0,7948.0,1762.0,1171.0,355.0
5676.0,7290.0,6992.0,1554.0,970.0,323.0
5677.0,6687.0,6559.0,1421.0,991.0,307.0
5678.0,6341.0,5798.0,1163.0,720.0,262.0
5679.0,6783.0,6414.0,1313.0,871.0,282.0
5680.0,7633.0,6945.0,1504.0,882.0,327.0
5681.0,7456.0,6674.0,1412.0,909.0,332.0
5682.0,7371.0,6587.0,1344.0,898.0,287.0
5683.0,7139.0,6026.0,1241.0,792.0,311.0
5684.0,8588.0,7713.0,1612.0,1079.0,399.0
5685.0,6832.0,6057.0,1349.0,861.0,278.0
5686.0,6291.0,5125.0,1021.0,640.0,251.0
5687.0,7730.0,6386.0,1215.0,779.0,227.0
5688.0,11031.0,10409.0,2203.0,1381.0,498.0
5689.0,9969.0,10462.0,2299.0,1524.0,519.0
5690.0,10548.0,10921.0,2357.0,1563.0,482.0
5691.0,10487.0,10797.0,2341.0,1524.0,514.0
5692.0,9822.0,10144.0,2223.0,1499.0,478.0
5693.0,7518.0,7018.0,1545.0,1029.0,374.0
5694.0,7944.0,7891.0,1747.0,1115.0,435.0
5695.0,8206.0,8212.0,1784.0,1305.0,413.0
5696.0,7635.0,8430.0,1903.0,1340.0,439.0
5697.0,7521.0,8423.0,1903.0,1254.0,478.0
5698.0,7150.0,7595.0,1750.0,1200.0,404.0
5699.0,8476.0,8911.0,2102.0,1425.0,503.0
5700.0,8151.0,8442.0,1822.0,1203.0,471.0
5701.0,6745.0,6611.0,1419.0,890.0,301.0
5702.0,7600.0,7410.0,1609.0,1043.0,389.0
5703.0,6977.0,6977.0,1625.0,983.0,311.0
5704.0,7461.0,7217.0,1581.0,1025.0,366.0
5705.0,6425.0,5988.0,1205.0,793.0,315.0
5706.0,6904.0,5941.0,1301.0,858.0,266.0
5707.0,7691.0,6811.0,1298.0,847.0,271.0
5708.0,7866.0,7444.0,1552.0,966.0,354.0
5709.0,7319.0,6580.0,1398.0,926.0,315.0
5710.0,7822.0,6721.0,1387.0,852.0,306.0
5711.0,10161.0,8616.0,1601.0,992.0,323.0
5712.0,7825.0,6429.0,1266.0,847.0,314.0
5713.0,6765.0,5219.0,1053.0,621.0,201.0
5714.0,8242.0,6480.0,1250.0,787.0,280.0
5715.0,11036.0,9649.0,1842.0,1268.0,447.0
5716.0,8979.0,7421.0,1425.0,892.0,340.0
5717.0,8795.0,7253.0,1381.0,854.0,306.0
5718.0,7754.0,6252.0,1235.0,832.0,332.0
5719.0,8311.0,7384.0,1518.0,1030.0,337.0
5720.0,8214.0,7542.0,1529.0,975.0,350.0
5721.0,9466.0,8591.0,1664.0,1110.0,410.0
5722.0,10118.0,9646.0,1954.0,1316.0,421.0
5723.0,10250.0,10992.0,2453.0,1695.0,602.0
5724.0,6443.0,6693.0,1572.0,1069.0,384.0
5725.0,4941.0,4905.0,1072.0,732.0,275.0
5726.0,3890.0,3821.0,882.0,595.0,218.0
5727.0,3957.0,3925.0,912.0,585.0,232.0
5728.0,5564.0,5744.0,1290.0,867.0,288.0
5729.0,6883.0,6659.0,1528.0,1002.0,349.0
5730.0,9033.0,9383.0,2098.0,1414.0,484.0
5731.0,7986.0,8587.0,2003.0,1358.0,481.0
5732.0,7561.0,8147.0,1887.0,1277.0,470.0
5733.0,6337.0,6990.0,1565.0,1107.0,371.0
5734.0,6309.0,6714.0,1601.0,1059.0,338.0
5735.0,5637.0,5939.0,1371.0,909.0,310.0
5736.0,9825.0,10800.0,2461.0,1642.0,599.0
5737.0,10339.0,11282.0,2629.0,1675.0,599.0
5738.0,7702.0,8322.0,1960.0,1286.0,457.0
5739.0,7558.0,7985.0,1931.0,1257.0,416.0
5740.0,5758.0,5417.0,1170.0,805.0,300.0
5741.0,6491.0,5913.0,1252.0,840.0,269.0
5742.0,6805.0,6241.0,1382.0,896.0,312.0
5743.0,6137.0,5781.0,1163.0,799.0,256.0
5744.0,7060.0,6758.0,1426.0,890.0,322.0
5745.0,8634.0,8133.0,1730.0,1188.0,444.0
5746.0,8787.0,8576.0,1902.0,1191.0,434.0
5747.0,8935.0,8722.0,1886.0,1279.0,443.0
5748.0,8248.0,9034.0,2204.0,1432.0,513.0
5749.0,6163.0,6449.0,1466.0,1026.0,325.0
5750.0,6372.0,6638.0,1532.0,968.0,370.0
5751.0,6353.0,6124.0,1263.0,852.0,296.0
5752.0,6218.0,6386.0,1372.0,870.0,323.0
5753.0,8713.0,9356.0,2079.0,1369.0,481.0
5754.0,8667.0,9204.0,2078.0,1343.0,477.0
5755.0,8312.0,8616.0,1986.0,1327.0,440.0
5756.0,10179.0,10630.0,2455.0,1652.0,575.0
5757.0,8746.0,9011.0,1976.0,1419.0,495.0
5758.0,8355.0,8168.0,1884.0,1240.0,396.0
5759.0,7612.0,7388.0,1476.0,1013.0,386.0
5760.0,7212.0,6619.0,1449.0,935.0,324.0
11086.0,8155.0,7293.0,1506.0,920.0,338.0
11087.0,7025.0,6079.0,1226.0,801.0,276.0
11088.0,8313.0,7937.0,1786.0,1249.0,421.0
11089.0,6637.0,6666.0,1445.0,981.0,367.0
11090.0,6735.0,6768.0,1493.0,1046.0,376.0
11091.0,6047.0,6052.0,1353.0,857.0,313.0
11092.0,5940.0,5901.0,1387.0,917.0,346.0
11093.0,5652.0,5518.0,1176.0,801.0,304.0
11094.0,8218.0,8578.0,2033.0,1317.0,447.0
11095.0,9084.0,9931.0,2187.0,1443.0,530.0
11096.0,10372.0,10941.0,2480.0,1550.0,536.0
11097.0,8453.0,8870.0,1863.0,1248.0,475.0
11098.0,9374.0,9782.0,2146.0,1416.0,502.0
11099.0,7990.0,8154.0,1796.0,1247.0,412.0
11100.0,8533.0,8823.0,2002.0,1331.0,476.0
11101.0,9590.0,9735.0,2190.0,1477.0,499.0
11102.0,10012.0,10883.0,2498.0,1679.0,528.0
11103.0,11703.0,12726.0,2917.0,1896.0,653.0
11104.0,9688.0,10849.0,2551.0,1717.0,533.0
11105.0,6995.0,7241.0,1578.0,1117.0,362.0
11106.0,6253.0,5952.0,1228.0,865.0,307.0
11107.0,4957.0,4463.0,922.0,599.0,229.0
11108.0,4988.0,4476.0,903.0,589.0,222.0
11109.0,5533.0,4754.0,1021.0,691.0,260.0
11110.0,5890.0,5239.0,1114.0,726.0,251.0
11111.0,7628.0,6757.0,1469.0,905.0,351.0
11112.0,7027.0,6285.0,1408.0,898.0,293.0
11113.0,7748.0,7288.0,1677.0,992.0,380.0
11114.0,6765.0,5643.0,1164.0,745.0,292.0
11115.0,5682.0,4734.0,943.0,641.0,237.0
11116.0,7815.0,6964.0,1372.0,931.0,277.0
11117.0,7577.0,6684.0,1413.0,939.0,343.0
11118.0,9289.0,8140.0,1541.0,1008.0,344.0
11119.0,9686.0,9074.0,1880.0,1221.0,488.0
11120.0,9811.0,9521.0,1998.0,1328.0,482.0
11121.0,9141.0,9007.0,1893.0,1364.0,451.0
11122.0,6685.0,7395.0,1756.0,1207.0,403.0
11123.0,4793.0,4803.0,1084.0,744.0,259.0
11124.0,4532.0,4702.0,1040.0,746.0,252.0
11125.0,4351.0,4210.0,922.0,647.0,226.0
11126.0,5350.0,5510.0,1260.0,828.0,328.0
11127.0,5343.0,5227.0,1190.0,752.0,279.0
11128.0,4935.0,4706.0,1072.0,768.0,275.0
11129.0,6886.0,6890.0,1574.0,1090.0,357.0
11130.0,8301.0,8794.0,2065.0,1245.0,493.0
11131.0,7265.0,7414.0,1665.0,1108.0,379.0
11132.0,7385.0,7685.0,1708.0,1224.0,442.0
11133.0,7620.0,8693.0,1923.0,1419.0,432.0
11134.0,7842.0,8122.0,1758.0,1198.0,375.0
11135.0,9888.0,10423.0,2381.0,1628.0,594.0
11136.0,9349.0,9287.0,2096.0,1352.0,503.0
11137.0,9672.0,9859.0,2193.0,1440.0,532.0
11138.0,9042.0,9395.0,2144.0,1434.0,546.0
11139.0,6458.0,6551.0,1500.0,1053.0,371.0
11140.0,4981.0,4429.0,956.0,622.0,254.0
11141.0,5131.0,4991.0,1122.0,748.0,254.0
11142.0,7329.0,7637.0,1913.0,1162.0,375.0
11143.0,6542.0,7035.0,1675.0,1115.0,390.0
11144.0,6568.0,6953.0,1640.0,1140.0,378.0
11145.0,6738.0,7518.0,1801.0,1205.0,425.0
11146.0,5273.0,5105.0,1121.0,792.0,262.0
11147.0,7872.0,8246.0,1839.0,1200.0,416.0
11148.0,6140.0,6278.0,1385.0,965.0,336.0
11149.0,6447.0,6345.0,1440.0,956.0,335.0
11150.0,6325.0,6924.0,1590.0,1018.0,376.0
11151.0,6227.0,6696.0,1601.0,1058.0,362.0
11152.0,5783.0,6080.0,1435.0,941.0,343.0
11153.0,6596.0,6788.0,1513.0,1038.0,370.0
11154.0,7273.0,7786.0,1802.0,1186.0,409.0
11155.0,6583.0,6912.0,1589.0,1089.0,396.0
11156.0,7155.0,7526.0,1761.0,1115.0,427.0
11157.0,6373.0,6546.0,1533.0,974.0,330.0
11158.0,8274.0,8614.0,1923.0,1291.0,468.0
11159.0,9273.0,10223.0,2349.0,1634.0,539.0
11160.0,7277.0,8036.0,1896.0,1253.0,420.0
11161.0,8112.0,8657.0,1887.0,1309.0,463.0
11162.0,7331.0,7956.0,1850.0,1202.0,416.0
11163.0,8601.0,9474.0,2134.0,1438.0,545.0
11164.0,10060.0,10492.0,2351.0,1696.0,533.0
11165.0,9919.0,10508.0,2398.0,1637.0,518.0
11166.0,5954.0,5604.0,1202.0,784.0,295.0
11167.0,5373.0,4774.0,1029.0,685.0,223.0
11168.0,6599.0,6231.0,1229.0,815.0,270.0
11169.0,7091.0,6665.0,1484.0,945.0,340.0
11170.0,6595.0,6073.0,1287.0,866.0,324.0
11171.0,10970.0,10259.0,2274.0,1476.0,505.0
11172.0,6634.0,7170.0,1680.0,1184.0,369.0
11173.0,6095.0,5784.0,1292.0,880.0,280.0
11174.0,5392.0,5034.0,1040.0,719.0,263.0
11175.0,6654.0,6814.0,1561.0,980.0,369.0
11176.0,5764.0,5860.0,1286.0,812.0,294.0
11177.0,5000.0,4665.0,1056.0,704.0,249.0
11178.0,8176.0,8215.0,1830.0,1206.0,429.0
11179.0,9363.0,9124.0,1991.0,1320.0,436.0
11180.0,8911.0,8824.0,1945.0,1321.0,460.0
11181.0,10439.0,10585.0,2255.0,1447.0,479.0
11182.0,9061.0,9040.0,1946.0,1267.0,419.0
11183.0,10831.0,11255.0,2416.0,1510.0,538.0
11184.0,9514.0,10233.0,2240.0,1562.0,492.0
11185.0,9845.0,10474.0,2294.0,1411.0,470.0
11186.0,8521.0,9147.0,2159.0,1351.0,509.0
11187.0,6706.0,6993.0,1564.0,1064.0,367.0
11188.0,7264.0,7876.0,1834.0,1233.0,421.0
11189.0,7274.0,7528.0,1614.0,1056.0,373.0
11190.0,8173.0,7836.0,1598.0,1186.0,391.0
11191.0,9188.0,8442.0,1713.0,1179.0,423.0
11192.0,8791.0,7748.0,1452.0,906.0,335.0
11193.0,8569.0,7136.0,1359.0,871.0,312.0
11194.0,9421.0,7919.0,1542.0,1039.0,393.0
11195.0,8596.0,6372.0,1193.0,747.0,247.0
11196.0,8278.0,6689.0,1255.0,840.0,293.0
11197.0,7517.0,5676.0,1031.0,680.0,250.0
11198.0,8458.0,6339.0,1136.0,745.0,269.0
11199.0,10429.0,8184.0,1543.0,1040.0,352.0
11200.0,11070.0,8671.0,1636.0,1059.0,378.0
11201.0,9079.0,7183.0,1313.0,861.0,323.0
11202.0,9902.0,8395.0,1663.0,1111.0,417.0
11203.0,6689.0,4708.0,906.0,690.0,204.0
11204.0,9556.0,8256.0,1712.0,1111.0,401.0
11205.0,12146.0,11546.0,2559.0,1675.0,599.0
11206.0,10491.0,10652.0,2472.0,1617.0,559.0
11207.0,6451.0,6104.0,1336.0,905.0,348.0
11208.0,4583.0,4058.0,859.0,574.0,226.0
11209.0,4903.0,4311.0,937.0,653.0,209.0
11210.0,4019.0,3700.0,892.0,615.0,216.0
11211.0,5345.0,4863.0,1073.0,715.0,244.0
11212.0,6408.0,6196.0,1441.0,896.0,295.0
11213.0,8459.0,8822.0,2000.0,1340.0,456.0
11214.0,8830.0,9072.0,2096.0,1449.0,510.0
11215.0,9039.0,9215.0,1989.0,1261.0,460.0
11216.0,8256.0,8221.0,1728.0,1114.0,419.0
11217.0,11631.0,12154.0,2763.0,1845.0,667.0
11218.0,9831.0,10472.0,2386.0,1543.0,525.0
11219.0,10460.0,11379.0,2421.0,1665.0,589.0
11220.0,12371.0,13436.0,2748.0,1847.0,670.0
11221.0,12507.0,13362.0,2899.0,1958.0,665.0
11222.0,13049.0,13685.0,3113.0,2006.0,658.0
11223.0,12495.0,14110.0,3296.0,2129.0,711.0
11224.0,10719.0,12072.0,2751.0,1882.0,654.0
11225.0,5728.0,5119.0,1132.0,761.0,259.0
11226.0,5595.0,5256.0,1128.0,745.0,274.0
11227.0,5429.0,5080.0,1116.0,752.0,253.0
11228.0,5039.0,4656.0,999.0,697.0,241.0
11229.0,5962.0,5336.0,1156.0,724.0,242.0
11230.0,5978.0,5233.0,1082.0,778.0,273.0
11231.0,7455.0,7136.0,1446.0,983.0,367.0
11232.0,6793.0,7104.0,1561.0,1121.0,389.0
11233.0,6823.0,6754.0,1504.0,1022.0,326.0
11234.0,8262.0,8528.0,1880.0,1284.0,419.0
11235.0,9004.0,9450.0,2054.0,1437.0,494.0
11236.0,7402.0,7590.0,1794.0,1157.0,388.0
11237.0,7316.0,7635.0,1794.0,1242.0,446.0
11238.0,6791.0,6805.0,1534.0,994.0,413.0
11239.0,7557.0,7893.0,1790.0,1217.0,430.0
11240.0,8022.0,8441.0,1973.0,1306.0,449.0
11241.0,7444.0,7850.0,1823.0,1190.0,417.0
11242.0,7780.0,8349.0,1889.0,1348.0,462.0
11243.0,7441.0,7639.0,1721.0,1136.0,375.0
11244.0,6002.0,6020.0,1319.0,891.0,311.0
11245.0,6122.0,5962.0,1348.0,857.0,295.0
11246.0,7457.0,7699.0,1775.0,1150.0,381.0
11247.0,9099.0,9537.0,2152.0,1386.0,464.0
11248.0,9360.0,9802.0,2077.0,1345.0,465.0
11249.0,9760.0,10300.0,2155.0,1377.0,436.0
11250.0,9442.0,9818.0,2236.0,1476.0,501.0
11251.0,8403.0,8403.0,1888.0,1150.0,407.0
11252.0,7634.0,7408.0,1561.0,1069.0,343.0
11253.0,7271.0,7519.0,1614.0,1109.0,349.0
11254.0,7679.0,7660.0,1704.0,1180.0,369.0
11255.0,8161.0,7967.0,1770.0,1166.0,391.0
11256.0,10774.0,10469.0,2300.0,1526.0,525.0
11257.0,8431.0,8471.0,1959.0,1297.0,457.0
11258.0,8299.0,8396.0,1790.0,1196.0,418.0
11259.0,10060.0,9969.0,2180.0,1333.0,444.0
11260.0,9283.0,8866.0,1864.0,1277.0,474.0
11261.0,9403.0,9226.0,2027.0,1350.0,459.0
11262.0,7258.0,6844.0,1530.0,1004.0,387.0
11263.0,6444.0,5956.0,1249.0,851.0,292.0
11264.0,6076.0,5336.0,1124.0,713.0,250.0
11265.0,7017.0,6518.0,1396.0,892.0,311.0
11266.0,8332.0,8483.0,1878.0,1238.0,453.0
11267.0,7693.0,7944.0,1795.0,1208.0,384.0
11268.0,7238.0,7505.0,1719.0,1205.0,395.0
11269.0,6858.0,7010.0,1560.0,1056.0,357.0
11270.0,8073.0,8469.0,2038.0,1324.0,469.0
11271.0,5497.0,5590.0,1310.0,947.0,294.0
11272.0,6037.0,5880.0,1334.0,862.0,318.0
11273.0,5415.0,5359.0,1301.0,825.0,285.0
11274.0,7205.0,7721.0,1774.0,1145.0,407.0
11275.0,7143.0,8025.0,1838.0,1246.0,424.0
11276.0,7231.0,7878.0,1814.0,1153.0,388.0
11277.0,8706.0,9604.0,2206.0,1500.0,511.0
11278.0,7589.0,8472.0,1971.0,1322.0,499.0
11279.0,6270.0,6423.0,1460.0,970.0,333.0
11280.0,6560.0,6981.0,1611.0,1046.0,384.0
11281.0,8387.0,8768.0,1922.0,1244.0,463.0
11282.0,6814.0,6506.0,1340.0,886.0,304.0
11283.0,6263.0,5836.0,1330.0,930.0,305.0
11284.0,5659.0,5498.0,1243.0,823.0,303.0
11285.0,5532.0,4841.0,1070.0,658.0,232.0
11286.0,5676.0,5185.0,1207.0,769.0,252.0
11287.0,5277.0,4826.0,1099.0,721.0,206.0
11288.0,4926.0,4631.0,993.0,695.0,205.0
11289.0,5862.0,5417.0,1060.0,755.0,241.0
11290.0,5910.0,5173.0,1067.0,680.0,267.0
11291.0,6743.0,6448.0,1470.0,900.0,305.0
11292.0,6871.0,6285.0,1358.0,901.0,299.0
11293.0,9024.0,8436.0,1852.0,1214.0,411.0
11294.0,7506.0,7778.0,1719.0,1173.0,424.0
11295.0,7327.0,7651.0,1734.0,1176.0,415.0
11296.0,7893.0,8419.0,1919.0,1284.0,425.0
11297.0,7109.0,7413.0,1768.0,1133.0,365.0
11298.0,6830.0,6808.0,1553.0,986.0,397.0
11299.0,8106.0,8454.0,1802.0,1312.0,446.0
11300.0,7688.0,8345.0,1962.0,1240.0,432.0
11301.0,6250.0,6199.0,1380.0,973.0,324.0
11302.0,6954.0,7106.0,1612.0,1044.0,344.0
11303.0,5831.0,5668.0,1253.0,871.0,267.0
11304.0,6649.0,6484.0,1438.0,987.0,307.0
11305.0,6356.0,6545.0,1508.0,1061.0,372.0
11306.0,7807.0,8453.0,2014.0,1313.0,448.0
11307.0,9611.0,10292.0,2358.0,1514.0,515.0
11308.0,9768.0,10606.0,2483.0,1622.0,541.0
11309.0,10695.0,11828.0,2796.0,1732.0,656.0
11310.0,8463.0,9416.0,2159.0,1379.0,528.0
11311.0,8214.0,8767.0,2055.0,1405.0,515.0
11312.0,9253.0,9978.0,2427.0,1636.0,524.0
11313.0,8817.0,9571.0,2128.0,1410.0,497.0
11314.0,10510.0,11829.0,2708.0,1835.0,562.0
11315.0,9325.0,10315.0,2446.0,1637.0,622.0
11316.0,6419.0,6252.0,1382.0,1000.0,353.0
11317.0,5652.0,5076.0,1194.0,790.0,273.0
11318.0,5779.0,5750.0,1261.0,869.0,286.0
11319.0,6103.0,5806.0,1285.0,890.0,273.0
11320.0,6463.0,6320.0,1369.0,894.0,312.0
11321.0,5182.0,4880.0,1107.0,697.0,298.0
11322.0,8694.0,8655.0,1927.0,1136.0,406.0
11323.0,9992.0,11105.0,2540.0,1674.0,590.0
11324.0,8340.0,8522.0,1923.0,1232.0,420.0
11325.0,9126.0,9888.0,2352.0,1493.0,501.0
11326.0,7433.0,8210.0,1898.0,1243.0,437.0
11327.0,6772.0,7100.0,1632.0,1082.0,346.0
11328.0,8317.0,8691.0,1904.0,1278.0,504.0
11329.0,7666.0,7746.0,1795.0,1176.0,392.0
11330.0,8244.0,8421.0,1949.0,1216.0,411.0
11331.0,7818.0,8187.0,1844.0,1221.0,405.0
11332.0,8566.0,9656.0,2356.0,1497.0,547.0
11333.0,8744.0,9647.0,2220.0,1407.0,469.0
11334.0,8347.0,8484.0,1855.0,1285.0,470.0
12113.0,7447.0,7172.0,1441.0,1012.0,357.0
12114.0,6396.0,5614.0,1161.0,742.0,287.0
12115.0,9006.0,8758.0,1826.0,1200.0,427.0
12116.0,6122.0,5422.0,1064.0,688.0,231.0
12117.0,5822.0,4950.0,1076.0,687.0,234.0
12118.0,5867.0,5376.0,1117.0,743.0,226.0
12119.0,5033.0,4313.0,862.0,532.0,241.0
12120.0,5853.0,5176.0,1099.0,757.0,240.0
12121.0,8516.0,8148.0,1781.0,1130.0,424.0
12122.0,11212.0,11019.0,2284.0,1479.0,495.0
12123.0,11745.0,12179.0,2613.0,1702.0,604.0
12124.0,9451.0,9687.0,2070.0,1329.0,501.0
12125.0,9725.0,9672.0,2120.0,1340.0,483.0
12126.0,11445.0,11993.0,2578.0,1685.0,598.0
12127.0,12768.0,14126.0,3049.0,2082.0,743.0
12128.0,11241.0,11935.0,2590.0,1752.0,634.0
12129.0,9925.0,10761.0,2402.0,1636.0,532.0
12130.0,7581.0,7638.0,1656.0,1068.0,388.0
12131.0,9102.0,9374.0,2041.0,1336.0,461.0
12132.0,8425.0,8595.0,1957.0,1302.0,467.0
12133.0,11956.0,13102.0,2867.0,1943.0,656.0
12134.0,13027.0,15068.0,3512.0,2287.0,748.0
12135.0,12012.0,13951.0,3235.0,2187.0,730.0
12136.0,6575.0,6596.0,1477.0,970.0,332.0
12137.0,5326.0,5154.0,1128.0,745.0,275.0
12138.0,5057.0,4528.0,966.0,661.0,236.0
12139.0,4913.0,4327.0,932.0,657.0,224.0
12140.0,7462.0,6574.0,1399.0,922.0,311.0
12141.0,5919.0,5219.0,1116.0,741.0,247.0
12142.0,7563.0,6893.0,1469.0,1019.0,370.0
12143.0,7100.0,6516.0,1417.0,903.0,295.0
12144.0,6745.0,5720.0,1195.0,756.0,284.0
12145.0,5553.0,4776.0,1006.0,622.0,219.0
12146.0,4963.0,4178.0,904.0,607.0,176.0
12147.0,4819.0,4068.0,849.0,571.0,197.0
12148.0,5712.0,4652.0,936.0,608.0,208.0
12149.0,7061.0,6018.0,1220.0,850.0,284.0
12150.0,8914.0,8596.0,1725.0,1218.0,422.0
12151.0,7415.0,6598.0,1508.0,1010.0,367.0
12152.0,10856.0,11146.0,2472.0,1609.0,499.0
12153.0,10250.0,10206.0,2253.0,1451.0,519.0
12154.0,8832.0,8889.0,2051.0,1253.0,456.0
12155.0,9508.0,9177.0,1919.0,1182.0,387.0
12156.0,10088.0,9951.0,2129.0,1304.0,453.0
12157.0,8445.0,8259.0,1740.0,1155.0,440.0
12158.0,9608.0,8972.0,1890.0,1129.0,381.0
12159.0,8914.0,8743.0,1916.0,1202.0,444.0
12160.0,10203.0,9945.0,2068.0,1316.0,485.0
12161.0,12948.0,13707.0,3057.0,1928.0,668.0
12162.0,12348.0,13504.0,2983.0,2024.0,703.0
16609.0,5706.0,5659.0,1301.0,841.0,283.0
16610.0,7348.0,7857.0,1842.0,1177.0,384.0
16611.0,5423.0,5748.0,1354.0,1022.0,301.0
16612.0,7037.0,7453.0,1654.0,1135.0,377.0
16613.0,8385.0,8774.0,1951.0,1303.0,430.0
16614.0,6347.0,6027.0,1316.0,858.0,306.0
16615.0,7761.0,7378.0,1536.0,1002.0,372.0
16616.0,6101.0,5538.0,1167.0,772.0,270.0
16617.0,6049.0,5699.0,1290.0,826.0,284.0
16618.0,6044.0,5409.0,1107.0,740.0,298.0
16619.0,5366.0,5121.0,1168.0,761.0,270.0
16620.0,4612.0,3974.0,886.0,614.0,220.0
16621.0,5419.0,5276.0,1247.0,810.0,292.0
16622.0,5969.0,5982.0,1316.0,838.0,308.0
16623.0,5075.0,4153.0,839.0,582.0,226.0
16624.0,7629.0,7269.0,1597.0,1044.0,398.0
16625.0,7174.0,7453.0,1761.0,1123.0,436.0
16626.0,5034.0,4931.0,1115.0,744.0,253.0
16627.0,5903.0,6021.0,1313.0,878.0,287.0
16628.0,6143.0,6172.0,1326.0,936.0,323.0
16629.0,7549.0,7900.0,1833.0,1137.0,426.0
16630.0,7257.0,7444.0,1693.0,1120.0,380.0
16631.0,7610.0,7708.0,1682.0,1143.0,385.0
16632.0,6697.0,6793.0,1460.0,971.0,351.0
16633.0,7337.0,7608.0,1707.0,1049.0,353.0
16634.0,8934.0,8982.0,1964.0,1287.0,460.0
16635.0,10609.0,11222.0,2493.0,1585.0,539.0
16636.0,8773.0,9462.0,2050.0,1405.0,443.0
16637.0,6877.0,6895.0,1539.0,1049.0,341.0
16638.0,8375.0,7807.0,1672.0,1155.0,395.0
16639.0,8342.0,8182.0,1962.0,1296.0,442.0
16640.0,7783.0,8261.0,1751.0,1080.0,374.0
16641.0,7525.0,7711.0,1722.0,1098.0,400.0
16642.0,6969.0,7217.0,1679.0,1096.0,387.0
16643.0,6698.0,6930.0,1605.0,1030.0,356.0
16644.0,10420.0,11734.0,2686.0,1686.0,569.0
16645.0,10098.0,10160.0,2121.0,1421.0,467.0
16646.0,10870.0,10306.0,2071.0,1310.0,470.0
16647.0,9571.0,8710.0,1842.0,1210.0,460.0
16648.0,8799.0,7757.0,1632.0,1066.0,354.0
16649.0,7443.0,6379.0,1247.0,873.0,283.0
16650.0,7447.0,6387.0,1262.0,765.0,275.0
16651.0,7753.0,6773.0,1373.0,875.0,296.0
16652.0,8026.0,7012.0,1435.0,939.0,338.0
16653.0,6796.0,5806.0,1189.0,809.0,283.0
16654.0,9152.0,8052.0,1514.0,1007.0,337.0
16655.0,8599.0,7482.0,1552.0,993.0,346.0
16656.0,9093.0,8400.0,1637.0,1124.0,388.0
16657.0,9275.0,8755.0,1884.0,1193.0,440.0
16658.0,10352.0,10299.0,2325.0,1413.0,518.0
16659.0,7374.0,7240.0,1528.0,982.0,352.0
16660.0,6721.0,6317.0,1416.0,884.0,327.0
16661.0,9347.0,9560.0,2169.0,1427.0,517.0
16662.0,6538.0,6362.0,1396.0,959.0,306.0
16663.0,8415.0,8606.0,1909.0,1280.0,416.0
16664.0,9841.0,10211.0,2349.0,1573.0,545.0
16665.0,10705.0,11141.0,2354.0,1493.0,498.0
16666.0,7385.0,6957.0,1525.0,1004.0,332.0
16667.0,6814.0,6520.0,1491.0,982.0,304.0
16668.0,7570.0,7628.0,1698.0,1116.0,385.0
16669.0,8788.0,8579.0,1773.0,1180.0,378.0
16670.0,13015.0,14154.0,3191.0,2040.0,743.0
16671.0,12456.0,13631.0,3117.0,2158.0,754.0
16672.0,10283.0,10503.0,2366.0,1513.0,516.0
16673.0,11614.0,11977.0,2625.0,1697.0,622.0
16674.0,7657.0,7401.0,1610.0,1048.0,387.0
16675.0,7406.0,7014.0,1526.0,1099.0,405.0
16676.0,6322.0,5915.0,1297.0,862.0,300.0
16677.0,5225.0,4826.0,1046.0,682.0,230.0
16678.0,4970.0,4580.0,983.0,611.0,225.0
16679.0,5495.0,4894.0,1058.0,728.0,251.0
16680.0,4832.0,4537.0,998.0,636.0,253.0
16681.0,7171.0,6817.0,1469.0,957.0,346.0
16682.0,7583.0,7916.0,1765.0,1284.0,393.0
16683.0,6842.0,6947.0,1671.0,1119.0,385.0
16684.0,5086.0,5157.0,1167.0,862.0,289.0
16685.0,6353.0,6389.0,1435.0,964.0,326.0
16686.0,8643.0,8563.0,1982.0,1430.0,476.0
16687.0,6754.0,7253.0,1619.0,1102.0,375.0
16688.0,8626.0,8713.0,1876.0,1150.0,377.0
16689.0,8845.0,9117.0,1909.0,1335.0,425.0
16690.0,8934.0,9065.0,2007.0,1271.0,470.0
16691.0,7903.0,8365.0,1876.0,1276.0,486.0
16692.0,8873.0,9542.0,2090.0,1413.0,497.0
16693.0,8970.0,9901.0,2388.0,1635.0,565.0
16694.0,8993.0,10093.0,2399.0,1604.0,536.0
16695.0,7179.0,6862.0,1480.0,919.0,336.0
16696.0,8210.0,7383.0,1413.0,904.0,322.0
16697.0,7493.0,6769.0,1496.0,1015.0,393.0
16698.0,5731.0,4970.0,1028.0,740.0,243.0
16699.0,6817.0,6334.0,1473.0,840.0,299.0
16700.0,6624.0,5658.0,1082.0,752.0,271.0
16701.0,8057.0,7214.0,1562.0,1002.0,382.0
16702.0,5703.0,4791.0,972.0,681.0,238.0
16703.0,6385.0,5759.0,1165.0,761.0,288.0
16704.0,5393.0,4528.0,895.0,615.0,201.0
16705.0,6553.0,5516.0,1094.0,684.0,228.0
16706.0,8116.0,7287.0,1518.0,1002.0,370.0
16707.0,10777.0,10278.0,2235.0,1470.0,518.0
16708.0,7112.0,6540.0,1476.0,996.0,363.0
16709.0,8858.0,9025.0,1937.0,1269.0,471.0
16710.0,10018.0,10271.0,2322.0,1387.0,485.0
16711.0,9216.0,9541.0,2089.0,1393.0,463.0
16712.0,7927.0,7803.0,1691.0,1137.0,408.0
16713.0,7415.0,7385.0,1581.0,1086.0,408.0
16714.0,7773.0,7523.0,1731.0,1083.0,367.0
16715.0,9270.0,9301.0,1875.0,1214.0,409.0
16716.0,8892.0,8381.0,1866.0,1163.0,399.0
16717.0,9000.0,9812.0,2201.0,1490.0,502.0
16718.0,6664.0,6911.0,1556.0,1040.0,354.0
16719.0,8190.0,8715.0,1886.0,1283.0,438.0
16720.0,8713.0,8931.0,1917.0,1307.0,435.0
16721.0,8771.0,9126.0,2080.0,1403.0,501.0
16722.0,8954.0,9657.0,2251.0,1499.0,504.0
16723.0,7853.0,8038.0,1756.0,1210.0,421.0
16724.0,11654.0,13006.0,2855.0,1823.0,607.0
16725.0,11111.0,12259.0,2893.0,1895.0,637.0
16726.0,7168.0,7407.0,1806.0,1219.0,416.0
16727.0,5014.0,5102.0,1222.0,851.0,289.0
16728.0,4670.0,4163.0,891.0,609.0,227.0
16729.0,4901.0,4472.0,993.0,689.0,229.0
16730.0,6502.0,5931.0,1275.0,805.0,313.0
16731.0,7561.0,7478.0,1675.0,1142.0,334.0
16732.0,5614.0,5498.0,1248.0,831.0,279.0
16733.0,5032.0,4413.0,901.0,633.0,231.0
16734.0,6950.0,6444.0,1464.0,939.0,333.0
16735.0,5155.0,4587.0,983.0,680.0,241.0
16736.0,5293.0,4541.0,938.0,606.0,225.0
16737.0,5873.0,5016.0,1075.0,608.0,254.0
16738.0,5351.0,4749.0,966.0,649.0,231.0
16739.0,6585.0,6270.0,1329.0,925.0,327.0
16740.0,7731.0,6752.0,1413.0,918.0,352.0
16741.0,8515.0,7663.0,1577.0,1006.0,362.0
16742.0,7206.0,6351.0,1307.0,881.0,285.0
16743.0,7037.0,5865.0,1306.0,874.0,278.0
16744.0,6586.0,5959.0,1299.0,810.0,276.0
16745.0,8720.0,8412.0,1802.0,1194.0,397.0
16746.0,8218.0,8095.0,1820.0,1158.0,390.0
16747.0,8627.0,9191.0,2036.0,1392.0,452.0
16748.0,8256.0,8193.0,1824.0,1206.0,409.0
16749.0,8950.0,8809.0,1843.0,1210.0,421.0
16750.0,10620.0,11016.0,2468.0,1541.0,554.0
16751.0,9215.0,9207.0,1898.0,1212.0,431.0
16752.0,9433.0,9687.0,2219.0,1488.0,500.0
16753.0,8998.0,8899.0,1901.0,1380.0,427.0
16754.0,9017.0,8912.0,1777.0,1168.0,441.0
16755.0,7273.0,7048.0,1502.0,941.0,347.0
16756.0,6275.0,6336.0,1391.0,988.0,322.0
16757.0,7494.0,7638.0,1771.0,1073.0,429.0
16758.0,7556.0,7812.0,1832.0,1206.0,398.0
16759.0,8927.0,9754.0,2267.0,1494.0,536.0
16760.0,10388.0,11955.0,2840.0,1895.0,628.0
16761.0,9589.0,10363.0,2508.0,1570.0,556.0
16762.0,8160.0,8210.0,1915.0,1274.0,439.0
16763.0,8377.0,8267.0,1732.0,1103.0,400.0
16764.0,7551.0,7490.0,1690.0,1109.0,358.0
16765.0,6936.0,6960.0,1536.0,1062.0,343.0
16766.0,6339.0,5892.0,1260.0,755.0,287.0
16767.0,4718.0,4087.0,882.0,575.0,215.0
16768.0,6055.0,5506.0,1164.0,820.0,270.0
16769.0,6817.0,6200.0,1342.0,911.0,333.0
16770.0,6364.0,5716.0,1339.0,860.0,263.0
16771.0,8199.0,7679.0,1679.0,1190.0,399.0
16772.0,9389.0,9646.0,2133.0,1480.0,541.0
16773.0,9661.0,10281.0,2255.0,1446.0,522.0
16774.0,7449.0,7216.0,1522.0,1048.0,345.0
16775.0,10993.0,12021.0,2748.0,1736.0,613.0
16776.0,9382.0,10038.0,2278.0,1522.0,527.0
16777.0,10265.0,11133.0,2573.0,1676.0,548.0
16778.0,11078.0,12041.0,2881.0,1909.0,682.0
16779.0,7857.0,8317.0,1861.0,1379.0,486.0
16780.0,7901.0,7861.0,1654.0,1125.0,352.0
16781.0,8407.0,8774.0,1890.0,1241.0,454.0
16782.0,11040.0,12072.0,2868.0,1831.0,688.0
16783.0,9477.0,10112.0,2353.0,1551.0,540.0
16784.0,9060.0,9896.0,2263.0,1617.0,550.0
16785.0,7236.0,7689.0,1771.0,1228.0,415.0
16786.0,8227.0,8611.0,1861.0,1214.0,493.0
16787.0,8233.0,8891.0,2096.0,1377.0,442.0
16788.0,6825.0,7270.0,1713.0,1215.0,410.0
16789.0,7670.0,8271.0,1893.0,1315.0,467.0
16790.0,7664.0,8450.0,2055.0,1471.0,489.0
16791.0,5524.0,5428.0,1277.0,880.0,287.0
16792.0,5450.0,5165.0,1140.0,755.0,261.0
16793.0,4823.0,4409.0,936.0,639.0,232.0
16794.0,4766.0,4443.0,976.0,650.0,219.0
16795.0,5812.0,5381.0,1141.0,698.0,307.0
16796.0,6844.0,6616.0,1395.0,937.0,320.0
16797.0,7802.0,7360.0,1621.0,1077.0,359.0
16798.0,8262.0,7565.0,1650.0,1053.0,349.0
16799.0,7523.0,7194.0,1496.0,1017.0,339.0
16800.0,9278.0,8684.0,1777.0,1271.0,443.0
16801.0,9662.0,9944.0,2225.0,1430.0,490.0
16802.0,10672.0,11388.0,2659.0,1746.0,579.0
16803.0,10016.0,11006.0,2578.0,1793.0,611.0
16804.0,6510.0,6743.0,1545.0,990.0,381.0
16805.0,6519.0,6526.0,1426.0,996.0,350.0
16806.0,5045.0,5128.0,1175.0,805.0,263.0
16807.0,6166.0,6080.0,1426.0,920.0,329.0
16808.0,9635.0,10716.0,2507.0,1745.0,568.0
16809.0,7371.0,7782.0,1791.0,1229.0,401.0
16810.0,7530.0,7427.0,1607.0,1134.0,413.0
16811.0,7763.0,7901.0,1775.0,1182.0,433.0
16812.0,7165.0,7357.0,1665.0,1127.0,372.0
16813.0,6687.0,6432.0,1445.0,904.0,350.0
16814.0,6014.0,5917.0,1340.0,859.0,314.0
16815.0,6745.0,6348.0,1365.0,911.0,309.0
16816.0,5800.0,5253.0,1156.0,742.0,260.0
16817.0,6490.0,6203.0,1333.0,882.0,332.0
16818.0,5540.0,5025.0,1060.0,689.0,244.0
16819.0,6970.0,6336.0,1314.0,791.0,251.0
16820.0,6402.0,5595.0,1175.0,737.0,276.0
16821.0,5948.0,5001.0,980.0,684.0,223.0
16822.0,5202.0,4343.0,912.0,573.0,238.0
16823.0,7104.0,5801.0,1113.0,757.0,276.0
16824.0,6712.0,5155.0,1059.0,676.0,229.0
16825.0,8262.0,6579.0,1320.0,815.0,268.0
16826.0,10800.0,9319.0,1815.0,1167.0,400.0
16827.0,8363.0,6810.0,1321.0,822.0,280.0
16828.0,7990.0,6385.0,1310.0,856.0,328.0
16829.0,7818.0,6488.0,1248.0,780.0,294.0
16830.0,12013.0,10209.0,2007.0,1286.0,446.0
16831.0,11220.0,9946.0,1995.0,1310.0,448.0
16832.0,12214.0,11957.0,2565.0,1653.0,580.0
16833.0,8131.0,8182.0,1875.0,1282.0,456.0
16834.0,6362.0,6622.0,1576.0,996.0,350.0
16835.0,6367.0,6512.0,1524.0,1010.0,367.0
16836.0,4672.0,4672.0,1101.0,687.0,265.0
16837.0,4987.0,4675.0,1076.0,748.0,240.0
16838.0,5342.0,4949.0,1159.0,730.0,247.0
16839.0,6637.0,6771.0,1454.0,999.0,396.0
16840.0,10482.0,10496.0,2243.0,1543.0,571.0
16841.0,9912.0,9535.0,2182.0,1453.0,547.0
16842.0,8576.0,8557.0,1917.0,1350.0,495.0
16843.0,9327.0,9734.0,2201.0,1445.0,491.0
16844.0,8502.0,8890.0,1970.0,1341.0,518.0
16845.0,7894.0,7850.0,1720.0,1175.0,414.0
16846.0,7120.0,7083.0,1636.0,1143.0,389.0
16847.0,7771.0,8075.0,1913.0,1332.0,455.0
16848.0,5576.0,5469.0,1141.0,800.0,313.0
16849.0,7140.0,6621.0,1301.0,929.0,346.0
16850.0,6231.0,5880.0,1300.0,802.0,298.0
16851.0,6517.0,5814.0,1208.0,745.0,293.0
16852.0,7078.0,6178.0,1290.0,852.0,333.0
16853.0,7360.0,6702.0,1427.0,893.0,345.0
16854.0,6665.0,5819.0,1249.0,821.0,313.0
16855.0,9216.0,8890.0,2002.0,1270.0,483.0
16856.0,9430.0,10281.0,2275.0,1517.0,511.0
16857.0,6808.0,6829.0,1517.0,1046.0,377.0
16858.0,7263.0,7359.0,1733.0,1111.0,366.0
16859.0,8689.0,9284.0,2020.0,1327.0,483.0
16860.0,5665.0,5456.0,1210.0,828.0,275.0
16861.0,6552.0,6401.0,1287.0,897.0,319.0
16862.0,10152.0,10627.0,2278.0,1636.0,547.0
16863.0,8761.0,8714.0,1912.0,1318.0,468.0
16864.0,9175.0,9233.0,1991.0,1272.0,434.0
16865.0,9168.0,9015.0,1944.0,1288.0,423.0
16866.0,9696.0,9921.0,2136.0,1410.0,496.0
16867.0,9696.0,10144.0,2314.0,1536.0,544.0
16868.0,9289.0,9704.0,2093.0,1436.0,507.0
16869.0,8543.0,8632.0,1884.0,1298.0,422.0
16870.0,11302.0,11942.0,2704.0,1729.0,594.0
16871.0,13523.0,15391.0,3583.0,2319.0,765.0
16872.0,11912.0,13104.0,3082.0,2132.0,760.0
16873.0,11449.0,13031.0,2969.0,1963.0,678.0
16874.0,11774.0,13057.0,3013.0,1989.0,688.0
16875.0,11908.0,13489.0,3058.0,2043.0,738.0
16876.0,6599.0,6350.0,1444.0,949.0,341.0
16877.0,5825.0,5581.0,1253.0,782.0,286.0
16878.0,5155.0,4574.0,958.0,609.0,216.0
16879.0,5242.0,4895.0,1039.0,727.0,260.0
16880.0,5193.0,4561.0,942.0,643.0,224.0
16881.0,5111.0,4401.0,941.0,667.0,244.0
16882.0,5953.0,5381.0,1098.0,721.0,241.0
16883.0,7102.0,6238.0,1178.0,888.0,289.0
16884.0,8106.0,7762.0,1657.0,1045.0,364.0
16888.0,7436.0,7050.0,1533.0,935.0,350.0
16889.0,4647.0,3889.0,822.0,553.0,208.0
16890.0,4972.0,4657.0,1020.0,725.0,256.0
16891.0,6855.0,6805.0,1592.0,1062.0,338.0
16892.0,8176.0,8429.0,1908.0,1390.0,435.0
16893.0,8528.0,9464.0,2224.0,1403.0,473.0
16894.0,8055.0,8362.0,1929.0,1315.0,453.0
16895.0,6058.0,6039.0,1341.0,942.0,346.0
16896.0,8736.0,9067.0,1922.0,1279.0,487.0
16897.0,5965.0,5763.0,1318.0,909.0,333.0
16898.0,6408.0,6500.0,1429.0,879.0,345.0
16899.0,6599.0,6484.0,1524.0,942.0,322.0
16900.0,9203.0,9586.0,2149.0,1352.0,517.0
17669.0,7762.0,7760.0,1751.0,1137.0,386.0
17670.0,6970.0,6665.0,1476.0,1018.0,336.0
17671.0,7243.0,7334.0,1615.0,1074.0,387.0
17672.0,6562.0,6457.0,1401.0,983.0,304.0
17673.0,9438.0,9606.0,2072.0,1351.0,494.0
17674.0,11834.0,12547.0,2638.0,1777.0,595.0
17675.0,10635.0,11598.0,2552.0,1681.0,585.0
17676.0,9343.0,9600.0,2173.0,1304.0,468.0
17677.0,7720.0,7856.0,1816.0,1187.0,420.0
17678.0,7312.0,7664.0,1678.0,1143.0,389.0
17679.0,9308.0,9697.0,2135.0,1396.0,504.0
17680.0,12170.0,13786.0,3147.0,2146.0,729.0
17681.0,9106.0,9756.0,2280.0,1511.0,500.0
17682.0,6873.0,6689.0,1499.0,964.0,355.0
17683.0,5121.0,4722.0,1079.0,789.0,257.0
17684.0,5466.0,5187.0,1083.0,746.0,261.0
17685.0,5426.0,5298.0,1204.0,815.0,285.0
17686.0,4899.0,4573.0,977.0,682.0,259.0
17687.0,5020.0,4408.0,995.0,686.0,253.0
17688.0,4669.0,4683.0,1081.0,689.0,238.0
17689.0,4839.0,4606.0,1034.0,669.0,213.0
17690.0,5710.0,5601.0,1266.0,910.0,312.0
17691.0,8072.0,8179.0,1734.0,1180.0,428.0
17692.0,10737.0,11310.0,2502.0,1633.0,594.0
17693.0,7734.0,7880.0,1808.0,1113.0,415.0
17694.0,8107.0,8346.0,1885.0,1239.0,429.0
17695.0,5418.0,5222.0,1186.0,762.0,269.0
17696.0,5802.0,5876.0,1332.0,934.0,323.0
17697.0,5832.0,5894.0,1259.0,830.0,310.0
17698.0,6683.0,6682.0,1490.0,998.0,312.0
17699.0,8301.0,8763.0,1861.0,1394.0,440.0
17700.0,7450.0,7137.0,1616.0,1041.0,355.0
17701.0,7737.0,7127.0,1555.0,1080.0,362.0
17702.0,7956.0,7885.0,1729.0,1085.0,379.0
17703.0,8336.0,7772.0,1605.0,979.0,360.0
17704.0,6914.0,6396.0,1411.0,883.0,331.0
17705.0,8501.0,8023.0,1640.0,1153.0,385.0
17706.0,9781.0,9339.0,2050.0,1255.0,483.0
17707.0,9996.0,10596.0,2507.0,1575.0,624.0
17708.0,6484.0,6853.0,1637.0,1052.0,417.0
17709.0,7242.0,7642.0,1747.0,1216.0,421.0
17710.0,5872.0,5797.0,1252.0,873.0,299.0
17711.0,7633.0,7607.0,1673.0,1147.0,458.0
17712.0,9342.0,9693.0,2134.0,1334.0,487.0
17713.0,8795.0,9288.0,1986.0,1305.0,469.0
17714.0,11882.0,13375.0,3037.0,2010.0,710.0
17715.0,8031.0,8758.0,2078.0,1378.0,440.0
17716.0,8360.0,9086.0,2041.0,1383.0,418.0
17717.0,9064.0,10051.0,2347.0,1590.0,589.0
17718.0,8682.0,9191.0,2036.0,1438.0,449.0
17719.0,9496.0,10539.0,2264.0,1546.0,511.0
17720.0,9382.0,9902.0,2309.0,1507.0,529.0
17721.0,10428.0,11534.0,2565.0,1763.0,624.0
17722.0,10304.0,11440.0,2731.0,1810.0,691.0
17723.0,10647.0,12092.0,2901.0,1876.0,680.0
17724.0,7822.0,8177.0,2006.0,1329.0,476.0
17725.0,5226.0,5011.0,1137.0,768.0,239.0
17726.0,6686.0,6410.0,1345.0,900.0,289.0
17727.0,5663.0,5372.0,1164.0,755.0,298.0
17728.0,4993.0,4440.0,1084.0,676.0,229.0
17729.0,4602.0,3944.0,803.0,529.0,190.0
17730.0,5388.0,4721.0,1009.0,660.0,228.0
17731.0,5979.0,5140.0,1046.0,705.0,258.0
17732.0,8280.0,7348.0,1420.0,889.0,304.0
17733.0,8697.0,7759.0,1501.0,986.0,326.0
17734.0,10506.0,9762.0,1875.0,1262.0,459.0
17735.0,8225.0,7335.0,1542.0,934.0,354.0
17736.0,7559.0,7330.0,1614.0,1042.0,390.0
17737.0,8619.0,8871.0,2018.0,1348.0,521.0
17738.0,8961.0,9384.0,2114.0,1382.0,475.0
17739.0,9000.0,9612.0,2245.0,1460.0,546.0
17740.0,9862.0,10858.0,2496.0,1685.0,596.0
17741.0,7353.0,7560.0,1748.0,1163.0,392.0
17742.0,8093.0,8243.0,1818.0,1210.0,373.0
17743.0,7628.0,7879.0,1669.0,1152.0,421.0
17744.0,8552.0,8457.0,1975.0,1283.0,458.0
17745.0,8883.0,9429.0,2215.0,1383.0,508.0
17746.0,7776.0,8156.0,1831.0,1246.0,430.0
17747.0,8114.0,8627.0,2041.0,1374.0,476.0
17748.0,7974.0,8850.0,2091.0,1393.0,442.0
17749.0,7015.0,7513.0,1761.0,1252.0,436.0
17750.0,5554.0,6239.0,1522.0,1031.0,355.0
17751.0,3984.0,3709.0,843.0,554.0,188.0
17752.0,4781.0,4183.0,865.0,566.0,230.0
17753.0,4732.0,3935.0,817.0,501.0,181.0
17754.0,5447.0,4529.0,942.0,609.0,241.0
17755.0,6832.0,5770.0,1179.0,807.0,263.0
17756.0,8248.0,7247.0,1454.0,880.0,374.0
17757.0,8922.0,7830.0,1627.0,1099.0,398.0
17758.0,7342.0,6213.0,1180.0,794.0,288.0
17759.0,6668.0,5187.0,1038.0,703.0,256.0
17760.0,7658.0,6652.0,1295.0,878.0,330.0
17761.0,6911.0,5424.0,1123.0,774.0,280.0
17762.0,7269.0,6208.0,1334.0,775.0,286.0
17763.0,8313.0,7365.0,1570.0,968.0,360.0
17764.0,10762.0,10032.0,2156.0,1417.0,533.0
17765.0,12337.0,12106.0,2629.0,1720.0,601.0
17766.0,8344.0,8513.0,1985.0,1241.0,476.0
17767.0,5765.0,5378.0,1173.0,793.0,263.0
17768.0,6421.0,6267.0,1416.0,897.0,330.0
17769.0,5677.0,5151.0,1022.0,689.0,248.0
17770.0,5511.0,5004.0,1021.0,663.0,238.0
17771.0,7795.0,7934.0,1650.0,1143.0,402.0
17772.0,8705.0,8738.0,1909.0,1206.0,425.0
17773.0,8429.0,8116.0,1675.0,1093.0,396.0
17774.0,10379.0,10500.0,2216.0,1433.0,515.0
17775.0,11930.0,12179.0,2635.0,1655.0,522.0
17776.0,11510.0,11868.0,2463.0,1645.0,479.0
17777.0,11139.0,11701.0,2488.0,1583.0,563.0
17778.0,12207.0,13340.0,2915.0,1841.0,640.0
17779.0,8379.0,8543.0,1895.0,1246.0,437.0
17780.0,11063.0,12101.0,2707.0,1829.0,636.0
17781.0,11324.0,12530.0,2820.0,1882.0,641.0
17782.0,13016.0,14192.0,3156.0,2057.0,699.0
17783.0,9782.0,10599.0,2460.0,1635.0,565.0
17784.0,5502.0,5421.0,1227.0,754.0,261.0
17785.0,5048.0,4806.0,1163.0,793.0,282.0
17786.0,5075.0,4925.0,1124.0,751.0,261.0
17787.0,4516.0,4190.0,890.0,632.0,228.0
17788.0,4554.0,4287.0,996.0,648.0,207.0
17789.0,4840.0,4179.0,908.0,572.0,213.0
17790.0,5474.0,4960.0,1036.0,621.0,233.0
17791.0,4771.0,4123.0,847.0,592.0,186.0
17792.0,5644.0,4894.0,959.0,637.0,217.0
17793.0,6561.0,5396.0,1047.0,725.0,273.0
17794.0,5857.0,4789.0,993.0,628.0,230.0
17795.0,5562.0,4315.0,910.0,613.0,214.0
17796.0,6587.0,5431.0,1161.0,749.0,303.0
17797.0,7628.0,6160.0,1283.0,815.0,317.0
17798.0,7939.0,6559.0,1337.0,868.0,288.0
17799.0,8736.0,7291.0,1527.0,1075.0,358.0
17800.0,7080.0,6058.0,1181.0,784.0,258.0
17801.0,7499.0,6356.0,1256.0,831.0,293.0
17802.0,9226.0,8580.0,1791.0,1163.0,389.0
17803.0,10312.0,9625.0,1944.0,1328.0,452.0
17804.0,9872.0,9839.0,2071.0,1362.0,465.0
17805.0,10037.0,10575.0,2350.0,1615.0,582.0
17806.0,6895.0,7007.0,1625.0,1120.0,374.0
17807.0,4903.0,4918.0,1225.0,780.0,272.0
17808.0,4688.0,5000.0,1139.0,745.0,268.0
17809.0,4820.0,5215.0,1220.0,885.0,281.0
17810.0,4669.0,4544.0,1105.0,790.0,254.0
17811.0,4770.0,4647.0,1092.0,708.0,268.0
17812.0,5523.0,5608.0,1239.0,858.0,303.0
17813.0,6737.0,6939.0,1582.0,1062.0,372.0
17814.0,7010.0,7048.0,1661.0,1124.0,376.0
17815.0,8788.0,9776.0,2205.0,1494.0,528.0
17816.0,7631.0,7805.0,1781.0,1259.0,432.0
17817.0,6958.0,7071.0,1596.0,1104.0,342.0
17818.0,4236.0,3867.0,837.0,595.0,218.0
17819.0,3984.0,3605.0,753.0,538.0,187.0
17820.0,4369.0,3844.0,813.0,525.0,185.0
17821.0,4493.0,3930.0,840.0,533.0,197.0
17822.0,5013.0,4339.0,886.0,544.0,235.0
17823.0,6034.0,5266.0,1064.0,748.0,281.0
17824.0,5427.0,4713.0,966.0,655.0,211.0
17825.0,6863.0,5883.0,1142.0,758.0,277.0
17826.0,7854.0,6599.0,1356.0,862.0,315.0
17827.0,7776.0,6169.0,1237.0,845.0,298.0
17828.0,8088.0,6996.0,1361.0,920.0,324.0
17829.0,6003.0,4952.0,1035.0,680.0,228.0
17830.0,8037.0,6908.0,1323.0,920.0,351.0
17831.0,7188.0,5938.0,1308.0,810.0,295.0
17832.0,6731.0,5816.0,1159.0,780.0,298.0
17833.0,8009.0,6652.0,1372.0,859.0,343.0
17834.0,8759.0,7790.0,1593.0,1065.0,356.0
17835.0,8207.0,7250.0,1472.0,881.0,349.0
17836.0,8895.0,8047.0,1610.0,1054.0,395.0
17837.0,7893.0,7170.0,1456.0,991.0,343.0
17838.0,8240.0,8059.0,1689.0,1132.0,388.0
17839.0,7209.0,6726.0,1441.0,970.0,344.0
17840.0,6470.0,6614.0,1540.0,1018.0,384.0
17841.0,7363.0,7408.0,1647.0,1035.0,373.0
17842.0,8786.0,8886.0,1949.0,1251.0,470.0
17843.0,9148.0,9753.0,2032.0,1364.0,486.0
17844.0,9238.0,9717.0,2093.0,1423.0,477.0
17845.0,9703.0,10673.0,2369.0,1607.0,545.0
17846.0,9052.0,9845.0,2263.0,1475.0,490.0
17847.0,8597.0,8737.0,1889.0,1193.0,387.0
17848.0,10273.0,11057.0,2461.0,1569.0,562.0
17849.0,11327.0,11927.0,2777.0,1762.0,591.0
17850.0,9443.0,9903.0,2148.0,1400.0,495.0
17851.0,11627.0,12706.0,2827.0,1897.0,666.0
17852.0,12224.0,13049.0,2908.0,1936.0,637.0
17853.0,11233.0,11586.0,2431.0,1514.0,500.0
17854.0,10207.0,10568.0,2374.0,1522.0,517.0
17855.0,10328.0,11077.0,2440.0,1671.0,589.0
17856.0,10466.0,12113.0,2906.0,1928.0,621.0
17857.0,9128.0,9242.0,2051.0,1370.0,514.0
17858.0,8520.0,8873.0,1948.0,1322.0,415.0
17859.0,10275.0,11373.0,2532.0,1706.0,564.0
17860.0,12616.0,13802.0,3168.0,2243.0,736.0
17861.0,11879.0,12823.0,3030.0,1998.0,630.0
17862.0,11608.0,12436.0,2829.0,1868.0,668.0
17863.0,6438.0,6492.0,1407.0,964.0,322.0
17864.0,6288.0,6037.0,1336.0,892.0,353.0
17865.0,5519.0,5178.0,1116.0,737.0,250.0
17866.0,7375.0,7058.0,1414.0,974.0,343.0
17867.0,5572.0,4940.0,1082.0,732.0,249.0
17868.0,6959.0,6433.0,1289.0,842.0,323.0
17869.0,7089.0,6661.0,1378.0,927.0,301.0
17870.0,5896.0,5180.0,1126.0,680.0,258.0
17871.0,7730.0,6883.0,1467.0,1031.0,348.0
17872.0,8035.0,7558.0,1612.0,1089.0,386.0
17873.0,6139.0,4838.0,951.0,631.0,238.0
17874.0,7737.0,6403.0,1260.0,830.0,277.0
17875.0,7313.0,6266.0,1239.0,886.0,286.0
17876.0,6622.0,5379.0,1025.0,669.0,235.0
17877.0,8983.0,8393.0,1770.0,1125.0,409.0
17878.0,9240.0,8748.0,1887.0,1267.0,451.0
17879.0,7379.0,6566.0,1350.0,942.0,349.0
17880.0,7582.0,6655.0,1331.0,861.0,344.0
17881.0,9046.0,8032.0,1624.0,1081.0,375.0
17882.0,13430.0,12493.0,2431.0,1563.0,619.0
17883.0,10967.0,10930.0,2423.0,1560.0,556.0
17884.0,6521.0,6937.0,1565.0,1059.0,357.0
17885.0,4545.0,4354.0,1041.0,660.0,243.0
17886.0,4412.0,4355.0,1017.0,622.0,219.0
17887.0,5473.0,5668.0,1313.0,832.0,294.0
17888.0,5389.0,5667.0,1291.0,906.0,333.0
17889.0,4762.0,4996.0,1211.0,824.0,291.0
17890.0,4683.0,4486.0,1010.0,663.0,247.0
17891.0,5147.0,4739.0,1063.0,707.0,234.0
17892.0,5230.0,4638.0,978.0,710.0,219.0
17893.0,5891.0,5290.0,1159.0,735.0,249.0
17894.0,5381.0,4432.0,897.0,524.0,178.0
17895.0,7320.0,6038.0,1161.0,728.0,229.0
17896.0,6023.0,4805.0,1031.0,612.0,213.0
17897.0,4566.0,3702.0,746.0,499.0,191.0
17898.0,5752.0,4887.0,922.0,620.0,228.0
17899.0,5959.0,5061.0,1004.0,678.0,249.0
17900.0,5351.0,4172.0,817.0,534.0,183.0
17901.0,6018.0,4757.0,864.0,591.0,206.0
17902.0,5904.0,4599.0,904.0,630.0,237.0
17903.0,5184.0,4216.0,834.0,554.0,198.0
17904.0,5654.0,4279.0,831.0,501.0,184.0
17905.0,7254.0,5770.0,1099.0,676.0,262.0
17906.0,7480.0,5995.0,1139.0,775.0,249.0
17907.0,10563.0,9153.0,1844.0,1157.0,396.0
17908.0,10710.0,9767.0,1967.0,1326.0,497.0
17909.0,9966.0,9421.0,2072.0,1367.0,480.0
17910.0,8079.0,8044.0,1751.0,1140.0,438.0
17911.0,9713.0,9892.0,2192.0,1460.0,492.0
17912.0,8739.0,8906.0,2033.0,1364.0,476.0
17913.0,8761.0,8531.0,1807.0,1150.0,407.0
17914.0,9053.0,9290.0,2018.0,1419.0,506.0
17915.0,7252.0,7095.0,1545.0,1008.0,352.0
17916.0,8493.0,8345.0,1776.0,1192.0,376.0
17917.0,7817.0,7683.0,1696.0,1106.0,420.0
17918.0,8666.0,8707.0,1927.0,1367.0,450.0
17919.0,8923.0,8996.0,1913.0,1375.0,452.0
17920.0,9688.0,9924.0,2138.0,1394.0,484.0
17921.0,10946.0,11635.0,2617.0,1795.0,635.0
17922.0,8389.0,8727.0,1920.0,1238.0,403.0
17923.0,10932.0,11251.0,2488.0,1604.0,573.0
17924.0,12602.0,13404.0,2951.0,1848.0,607.0
17925.0,11341.0,12310.0,2683.0,1761.0,607.0
17926.0,11418.0,12184.0,2675.0,1837.0,608.0
17927.0,9672.0,10648.0,2376.0,1658.0,574.0
17928.0,7678.0,7902.0,1758.0,1140.0,392.0
17929.0,10335.0,11464.0,2685.0,1810.0,642.0
17930.0,9459.0,10525.0,2508.0,1636.0,558.0
17931.0,8162.0,8532.0,1954.0,1230.0,456.0
17932.0,8610.0,9208.0,2160.0,1345.0,514.0
17933.0,8131.0,8705.0,2027.0,1302.0,440.0
17934.0,7573.0,8289.0,1979.0,1282.0,465.0
17935.0,7482.0,7597.0,1703.0,1199.0,421.0
17936.0,7960.0,8019.0,1798.0,1287.0,431.0
17937.0,6630.0,6741.0,1483.0,1050.0,367.0
17938.0,6168.0,5690.0,1256.0,838.0,310.0
17939.0,6496.0,6416.0,1382.0,910.0,355.0
17940.0,7582.0,7482.0,1762.0,1145.0,416.0
17941.0,9136.0,9998.0,2376.0,1548.0,578.0
17942.0,6911.0,7434.0,1728.0,1177.0,363.0
17943.0,6344.0,6838.0,1648.0,1081.0,377.0
17944.0,6483.0,6757.0,1590.0,1132.0,405.0
17945.0,6804.0,7374.0,1674.0,1133.0,389.0
17946.0,6805.0,7311.0,1652.0,1140.0,397.0
17947.0,7461.0,7573.0,1733.0,1181.0,406.0
17948.0,7441.0,8154.0,1951.0,1373.0,469.0
17949.0,6298.0,6299.0,1451.0,985.0,325.0
17950.0,5336.0,5019.0,1218.0,855.0,288.0
17951.0,5502.0,5408.0,1262.0,850.0,304.0
17952.0,5894.0,5461.0,1279.0,785.0,302.0
17953.0,6084.0,5939.0,1367.0,922.0,314.0
17954.0,4871.0,4586.0,972.0,652.0,213.0
17955.0,5689.0,5244.0,1200.0,747.0,248.0
17956.0,5304.0,4961.0,1046.0,686.0,220.0
17957.0,5152.0,4533.0,938.0,608.0,228.0
17958.0,5926.0,5901.0,1259.0,864.0,283.0
17959.0,6772.0,6340.0,1288.0,819.0,301.0
17960.0,7036.0,6273.0,1355.0,944.0,313.0
17961.0,5342.0,5056.0,1186.0,713.0,246.0
17962.0,6213.0,5290.0,1144.0,694.0,250.0
17963.0,6095.0,5531.0,1141.0,723.0,237.0
17964.0,7931.0,7268.0,1552.0,1066.0,371.0
17965.0,6843.0,6345.0,1362.0,929.0,318.0
17966.0,7175.0,6848.0,1527.0,1040.0,354.0
17967.0,7870.0,7871.0,1792.0,1163.0,380.0
17968.0,8516.0,8772.0,1966.0,1338.0,437.0
17969.0,8119.0,8444.0,1970.0,1345.0,442.0
17970.0,7352.0,7617.0,1729.0,1097.0,415.0
17971.0,6304.0,6447.0,1511.0,1023.0,360.0
17972.0,6269.0,6183.0,1329.0,862.0,334.0
17973.0,6852.0,6825.0,1511.0,1007.0,359.0
17974.0,7376.0,7445.0,1674.0,1012.0,384.0
17975.0,11230.0,12182.0,2575.0,1685.0,565.0
17976.0,10447.0,10567.0,2347.0,1413.0,554.0
17977.0,9423.0,10036.0,2170.0,1475.0,516.0
17978.0,9411.0,9674.0,2133.0,1444.0,507.0
17979.0,9808.0,10234.0,2164.0,1399.0,450.0
17980.0,10762.0,11370.0,2519.0,1634.0,569.0
17981.0,12557.0,13854.0,3256.0,2182.0,761.0
17982.0,9061.0,9304.0,2029.0,1355.0,497.0
17983.0,6868.0,6226.0,1344.0,828.0,308.0
17984.0,7537.0,7107.0,1461.0,992.0,324.0
17985.0,7531.0,6701.0,1445.0,947.0,320.0
17986.0,7943.0,7832.0,1700.0,1147.0,378.0
17987.0,6368.0,5878.0,1220.0,743.0,289.0
17988.0,6849.0,6208.0,1233.0,798.0,290.0
17989.0,6027.0,5402.0,1089.0,742.0,263.0
17990.0,5607.0,4641.0,922.0,615.0,199.0
17991.0,8198.0,7816.0,1583.0,1045.0,385.0
17992.0,7348.0,6233.0,1211.0,824.0,278.0
17993.0,6822.0,5373.0,975.0,695.0,231.0
17994.0,8267.0,6554.0,1240.0,790.0,268.0
17995.0,9172.0,7764.0,1469.0,934.0,326.0
17996.0,11654.0,9858.0,1866.0,1217.0,435.0
17997.0,11845.0,10570.0,2081.0,1272.0,447.0
17998.0,13138.0,12950.0,2634.0,1742.0,641.0
17999.0,7269.0,7085.0,1599.0,1127.0,385.0
18000.0,5291.0,5183.0,1197.0,815.0,281.0
18001.0,6070.0,5983.0,1384.0,878.0,291.0
18002.0,6649.0,6665.0,1483.0,1008.0,364.0
18003.0,7066.0,7060.0,1483.0,995.0,374.0
18004.0,8927.0,8804.0,1936.0,1176.0,431.0
18005.0,9313.0,9926.0,2161.0,1448.0,486.0
18006.0,9314.0,10197.0,2403.0,1564.0,580.0
18007.0,7434.0,8142.0,1787.0,1249.0,432.0
18008.0,7456.0,7704.0,1738.0,1200.0,407.0
18009.0,5762.0,5642.0,1335.0,910.0,303.0
18010.0,6508.0,6222.0,1416.0,896.0,305.0
18011.0,7112.0,6930.0,1506.0,999.0,331.0
18012.0,7071.0,6893.0,1470.0,1009.0,404.0
18013.0,5448.0,5022.0,1114.0,733.0,256.0
18014.0,5293.0,4682.0,947.0,634.0,226.0
18015.0,6146.0,5665.0,1293.0,740.0,289.0
18016.0,6407.0,5593.0,1253.0,855.0,259.0
18017.0,5268.0,4506.0,982.0,621.0,220.0
18018.0,6030.0,5535.0,1120.0,794.0,252.0
18019.0,6130.0,5478.0,1157.0,781.0,260.0
18020.0,6994.0,6510.0,1371.0,910.0,291.0
18021.0,9020.0,8106.0,1683.0,1025.0,408.0
18022.0,10502.0,11013.0,2481.0,1630.0,613.0
18023.0,9706.0,10266.0,2272.0,1527.0,532.0
18024.0,7891.0,7788.0,1690.0,1199.0,399.0
18025.0,9633.0,9895.0,2031.0,1392.0,417.0
18026.0,8021.0,7948.0,1834.0,1204.0,427.0
18027.0,9458.0,10097.0,2231.0,1465.0,498.0
18028.0,8157.0,8403.0,1863.0,1242.0,448.0
18029.0,8837.0,8959.0,2016.0,1366.0,450.0
18030.0,8961.0,9597.0,2118.0,1416.0,447.0
18031.0,7421.0,7507.0,1585.0,1022.0,353.0
18032.0,7787.0,8212.0,1776.0,1147.0,425.0
18033.0,8881.0,9298.0,2176.0,1438.0,514.0
18034.0,7289.0,7405.0,1729.0,1120.0,401.0
18035.0,9342.0,10150.0,2244.0,1508.0,503.0
18036.0,10519.0,11451.0,2645.0,1728.0,572.0
18037.0,7535.0,7373.0,1708.0,1035.0,393.0
18038.0,8515.0,8444.0,1736.0,1187.0,427.0
18039.0,8219.0,8392.0,1787.0,1163.0,409.0
18040.0,9282.0,9392.0,2003.0,1336.0,477.0
18041.0,9154.0,8832.0,1824.0,1227.0,438.0
18042.0,7035.0,6408.0,1399.0,902.0,333.0
18043.0,6248.0,5596.0,1267.0,737.0,306.0
18044.0,6123.0,5570.0,1124.0,778.0,284.0
18045.0,5332.0,4917.0,1022.0,728.0,260.0
18046.0,4788.0,3857.0,820.0,550.0,182.0
18047.0,5521.0,4890.0,1081.0,704.0,265.0
18048.0,9042.0,9028.0,2070.0,1422.0,505.0
18049.0,5732.0,5637.0,1277.0,904.0,319.0
18050.0,6497.0,7141.0,1585.0,1109.0,356.0
18051.0,6912.0,7429.0,1707.0,1131.0,415.0
18052.0,8145.0,8209.0,1898.0,1337.0,439.0
18053.0,8425.0,8736.0,1956.0,1436.0,437.0
18054.0,6582.0,6623.0,1482.0,991.0,356.0
18055.0,6543.0,6423.0,1363.0,951.0,347.0
18056.0,8147.0,8219.0,1819.0,1214.0,391.0
18057.0,9115.0,9377.0,2160.0,1445.0,489.0
18058.0,7367.0,7864.0,1847.0,1258.0,417.0
18059.0,7178.0,7287.0,1712.0,1113.0,398.0
18060.0,7331.0,7814.0,1755.0,1245.0,434.0
18061.0,6538.0,6866.0,1506.0,1068.0,382.0
18062.0,7060.0,7779.0,1851.0,1260.0,435.0
18063.0,9197.0,10135.0,2323.0,1549.0,497.0
18064.0,7672.0,8655.0,2025.0,1334.0,531.0
18065.0,4202.0,3971.0,922.0,592.0,230.0
18066.0,4214.0,3774.0,866.0,591.0,197.0
18067.0,5198.0,4702.0,1057.0,646.0,263.0
18068.0,4377.0,4209.0,990.0,688.0,232.0
18069.0,5218.0,4772.0,1032.0,708.0,248.0
18070.0,8294.0,8390.0,1898.0,1286.0,497.0
18071.0,7364.0,7764.0,1711.0,1172.0,382.0
18072.0,7659.0,8085.0,1776.0,1213.0,438.0
18073.0,7427.0,7759.0,1707.0,1208.0,397.0
18074.0,7969.0,8577.0,2007.0,1309.0,477.0
18075.0,8616.0,8948.0,2007.0,1408.0,438.0
18076.0,7739.0,7791.0,1772.0,1216.0,377.0
18077.0,7849.0,8177.0,1819.0,1220.0,424.0
18078.0,7042.0,7122.0,1707.0,1154.0,397.0
18079.0,5819.0,5779.0,1296.0,847.0,273.0
18080.0,8673.0,8794.0,1977.0,1195.0,432.0
18081.0,8212.0,8861.0,1980.0,1246.0,492.0
18082.0,7260.0,7538.0,1780.0,1212.0,353.0
18083.0,7987.0,8348.0,1813.0,1173.0,391.0
18084.0,8869.0,9206.0,1948.0,1374.0,459.0
18085.0,8975.0,9096.0,2040.0,1275.0,426.0
18086.0,9718.0,9611.0,2149.0,1299.0,461.0
18087.0,13032.0,13918.0,3069.0,1999.0,668.0
18088.0,10442.0,10968.0,2401.0,1603.0,600.0
18089.0,12689.0,13294.0,3045.0,1903.0,662.0
18090.0,12806.0,14243.0,3298.0,2158.0,716.0
18091.0,12739.0,13962.0,3123.0,2082.0,726.0
18092.0,12616.0,14304.0,3318.0,2277.0,781.0
18093.0,11781.0,12743.0,2978.0,1908.0,657.0
18094.0,8131.0,7690.0,1773.0,1166.0,463.0
18095.0,5840.0,5658.0,1194.0,822.0,279.0
18096.0,6008.0,5384.0,1194.0,787.0,262.0
18097.0,6106.0,5607.0,1154.0,796.0,276.0
18098.0,6247.0,5948.0,1307.0,867.0,295.0
18099.0,4415.0,3861.0,837.0,607.0,217.0
18100.0,5790.0,5270.0,1138.0,718.0,249.0
18101.0,6334.0,5589.0,1211.0,754.0,284.0
18102.0,6453.0,5942.0,1356.0,803.0,279.0
18103.0,7062.0,6248.0,1269.0,856.0,295.0
18104.0,12249.0,12111.0,2632.0,1710.0,635.0
18105.0,10404.0,10893.0,2485.0,1657.0,563.0
18106.0,10354.0,10998.0,2435.0,1706.0,615.0
18107.0,9319.0,10281.0,2392.0,1519.0,559.0
18108.0,7900.0,8332.0,1875.0,1288.0,416.0
18109.0,6498.0,6627.0,1529.0,1067.0,371.0
18110.0,4502.0,4226.0,929.0,612.0,239.0
18111.0,7444.0,7683.0,1639.0,1136.0,384.0
18112.0,7198.0,7396.0,1714.0,1056.0,382.0
18113.0,9433.0,9709.0,2145.0,1414.0,466.0
18114.0,10911.0,11247.0,2603.0,1633.0,540.0
18115.0,12997.0,13740.0,3165.0,2066.0,692.0
18116.0,11299.0,12094.0,2771.0,1867.0,644.0
18117.0,9650.0,9929.0,2150.0,1467.0,543.0
18118.0,6378.0,5999.0,1266.0,827.0,294.0
18119.0,7857.0,7658.0,1606.0,1068.0,387.0
18120.0,6318.0,5787.0,1306.0,806.0,296.0
18121.0,7486.0,7342.0,1533.0,1054.0,352.0
18122.0,6015.0,5392.0,1154.0,776.0,269.0
18123.0,6335.0,5793.0,1178.0,792.0,280.0
18124.0,6440.0,5585.0,1171.0,709.0,268.0
18125.0,6286.0,5341.0,1103.0,712.0,259.0
18126.0,7669.0,6927.0,1411.0,877.0,310.0
18127.0,10976.0,11443.0,2508.0,1576.0,567.0
18128.0,10952.0,11523.0,2441.0,1623.0,560.0
18129.0,6777.0,6970.0,1524.0,1089.0,377.0
18130.0,7583.0,7824.0,1850.0,1254.0,418.0
18131.0,8674.0,8954.0,1944.0,1303.0,443.0
18132.0,8393.0,9091.0,2079.0,1265.0,472.0
18133.0,8431.0,9501.0,2291.0,1577.0,524.0
18134.0,5841.0,6184.0,1441.0,1031.0,344.0
18135.0,6665.0,7064.0,1731.0,1150.0,455.0
18136.0,5807.0,6251.0,1459.0,989.0,375.0
18137.0,7577.0,8441.0,1941.0,1244.0,481.0
18138.0,8130.0,8930.0,2084.0,1368.0,471.0
18139.0,8084.0,9103.0,2143.0,1410.0,511.0
18140.0,7338.0,7817.0,1923.0,1211.0,461.0
18141.0,4522.0,4620.0,1152.0,769.0,262.0
18142.0,4184.0,4099.0,1011.0,671.0,235.0
18143.0,5220.0,4728.0,1103.0,792.0,240.0
18144.0,4985.0,4845.0,1082.0,726.0,262.0
18145.0,4764.0,4249.0,972.0,646.0,218.0
18146.0,5034.0,4627.0,1054.0,699.0,251.0
18147.0,4623.0,4023.0,952.0,587.0,223.0
18148.0,4892.0,4578.0,943.0,685.0,224.0
18149.0,6108.0,5703.0,1245.0,793.0,294.0
18150.0,7845.0,7754.0,1662.0,1133.0,380.0
18151.0,7896.0,7660.0,1764.0,1168.0,412.0
18152.0,7854.0,7494.0,1679.0,1147.0,448.0
18153.0,7542.0,8025.0,1785.0,1260.0,452.0
18154.0,8409.0,8913.0,2207.0,1406.0,556.0
18155.0,6938.0,7319.0,1719.0,1172.0,392.0
18156.0,6181.0,6444.0,1489.0,1108.0,361.0
18157.0,7392.0,7726.0,1822.0,1148.0,429.0
18158.0,8027.0,8913.0,1976.0,1370.0,476.0
18159.0,6902.0,7462.0,1738.0,1140.0,388.0
18160.0,5965.0,5954.0,1392.0,897.0,333.0
18161.0,5929.0,5694.0,1190.0,861.0,301.0
18162.0,6776.0,7090.0,1588.0,1034.0,344.0
18163.0,5786.0,5855.0,1309.0,928.0,319.0
18164.0,7439.0,7751.0,1818.0,1205.0,406.0
18165.0,8147.0,8348.0,1868.0,1224.0,417.0
18166.0,9385.0,9553.0,2035.0,1363.0,514.0
18167.0,9062.0,10145.0,2389.0,1543.0,560.0
18168.0,10158.0,11267.0,2534.0,1810.0,652.0
18169.0,8613.0,8969.0,2024.0,1323.0,434.0
18170.0,9437.0,9846.0,2197.0,1361.0,481.0
18171.0,11520.0,12437.0,2838.0,1789.0,585.0
18172.0,9984.0,10801.0,2485.0,1567.0,558.0
18173.0,9005.0,9499.0,2167.0,1410.0,535.0
18174.0,8004.0,8153.0,1867.0,1196.0,427.0
18175.0,6332.0,5761.0,1249.0,846.0,306.0
18176.0,5094.0,4757.0,1065.0,731.0,240.0
18177.0,4215.0,3861.0,826.0,604.0,204.0
18178.0,4830.0,4496.0,938.0,672.0,243.0
18179.0,5848.0,5210.0,1066.0,663.0,228.0
18180.0,4979.0,4157.0,835.0,572.0,180.0
18181.0,7030.0,5811.0,1069.0,766.0,275.0
18182.0,7227.0,6001.0,1177.0,780.0,293.0
18183.0,6809.0,5357.0,1032.0,680.0,242.0
18184.0,9368.0,8260.0,1642.0,1064.0,367.0
18190.0,5356.0,5479.0,1234.0,834.0,312.0
18191.0,4898.0,4908.0,1125.0,784.0,286.0
18192.0,6637.0,7217.0,1759.0,1152.0,387.0
18193.0,5888.0,6256.0,1485.0,985.0,332.0
18194.0,7092.0,7488.0,1716.0,1171.0,448.0
18195.0,9017.0,9435.0,2108.0,1355.0,430.0
18196.0,6409.0,6053.0,1331.0,949.0,322.0
18197.0,6058.0,5781.0,1212.0,817.0,275.0
18198.0,6925.0,6462.0,1416.0,975.0,341.0
18199.0,6907.0,6563.0,1356.0,929.0,307.0
18200.0,7555.0,7021.0,1451.0,904.0,361.0
18201.0,6169.0,5322.0,1010.0,710.0,239.0
22107.0,9812.0,9713.0,2086.0,1419.0,481.0
22108.0,9402.0,9484.0,2158.0,1330.0,432.0
22109.0,8239.0,8488.0,1873.0,1190.0,403.0
22110.0,7169.0,7490.0,1544.0,981.0,351.0
22111.0,9280.0,9841.0,2195.0,1443.0,504.0
22112.0,9313.0,9422.0,1975.0,1328.0,469.0
22113.0,7749.0,7935.0,1680.0,1066.0,349.0
22114.0,8017.0,7919.0,1741.0,1076.0,366.0
22115.0,12056.0,12866.0,2820.0,1852.0,619.0
22116.0,11034.0,11925.0,2652.0,1762.0,574.0
22117.0,12281.0,13502.0,3233.0,2065.0,708.0
22118.0,8755.0,9101.0,2148.0,1367.0,546.0
22119.0,6385.0,6575.0,1532.0,990.0,336.0
22120.0,4891.0,4782.0,1030.0,783.0,256.0
22121.0,3621.0,3217.0,673.0,509.0,181.0
22122.0,4946.0,4463.0,876.0,573.0,211.0
22123.0,5733.0,4689.0,1007.0,613.0,238.0
22124.0,7189.0,6549.0,1427.0,927.0,313.0
22125.0,6076.0,5530.0,1202.0,833.0,286.0
22126.0,6584.0,5717.0,1167.0,741.0,244.0
22127.0,5941.0,5353.0,1104.0,703.0,257.0
22128.0,4260.0,3516.0,770.0,487.0,169.0
22129.0,5394.0,4497.0,896.0,587.0,181.0
22130.0,6747.0,5315.0,1052.0,630.0,234.0
22131.0,7717.0,6055.0,1201.0,777.0,264.0
22132.0,7936.0,6270.0,1295.0,880.0,294.0
22133.0,8441.0,7139.0,1324.0,893.0,339.0
22134.0,8749.0,7385.0,1416.0,989.0,351.0
22135.0,8530.0,7040.0,1385.0,927.0,339.0
22136.0,7200.0,5773.0,1156.0,796.0,280.0
22137.0,7901.0,6668.0,1414.0,934.0,327.0
22138.0,8185.0,6960.0,1431.0,961.0,317.0
22139.0,8670.0,7385.0,1483.0,987.0,343.0
22140.0,12946.0,12455.0,2597.0,1736.0,617.0
22141.0,8812.0,8651.0,1955.0,1213.0,459.0
22142.0,7136.0,6659.0,1502.0,1000.0,370.0
22143.0,6205.0,5688.0,1222.0,824.0,259.0
22144.0,7197.0,6441.0,1286.0,909.0,274.0
22145.0,7292.0,7103.0,1452.0,1014.0,311.0
22146.0,10470.0,10580.0,2289.0,1442.0,439.0
22147.0,8389.0,8216.0,1740.0,1194.0,404.0
22148.0,10378.0,10590.0,2359.0,1582.0,539.0
22149.0,9594.0,10113.0,2235.0,1505.0,502.0
22150.0,10407.0,11114.0,2561.0,1779.0,591.0
22151.0,11225.0,12235.0,2780.0,1940.0,646.0
22152.0,7962.0,7713.0,1661.0,1106.0,414.0
22153.0,6033.0,5712.0,1234.0,798.0,261.0
22154.0,6267.0,5715.0,1253.0,800.0,282.0
22155.0,4969.0,4194.0,923.0,575.0,204.0
22156.0,5811.0,5406.0,1131.0,700.0,261.0
22157.0,6160.0,5095.0,1066.0,661.0,218.0
22158.0,6489.0,5684.0,1193.0,794.0,247.0
22159.0,6335.0,5288.0,1024.0,681.0,238.0
22160.0,6811.0,5770.0,1093.0,691.0,235.0
22161.0,8219.0,6975.0,1431.0,870.0,313.0
22162.0,8968.0,7302.0,1336.0,900.0,336.0
22163.0,9293.0,7899.0,1490.0,1021.0,361.0
22164.0,9471.0,7886.0,1493.0,1013.0,326.0
22165.0,8437.0,6993.0,1396.0,929.0,307.0
22166.0,9717.0,8410.0,1781.0,1186.0,428.0
22167.0,7833.0,6721.0,1434.0,953.0,344.0
22168.0,6750.0,5472.0,1128.0,677.0,245.0
22169.0,7403.0,6114.0,1189.0,792.0,276.0
22170.0,8825.0,7436.0,1480.0,931.0,335.0
22171.0,9718.0,8702.0,1736.0,1134.0,433.0
22172.0,10492.0,9905.0,2144.0,1379.0,481.0
22173.0,8192.0,7982.0,1702.0,1123.0,363.0
22174.0,8661.0,8662.0,1950.0,1306.0,461.0
22175.0,7248.0,7701.0,1753.0,1164.0,398.0
22176.0,6372.0,6371.0,1482.0,955.0,356.0
22177.0,6135.0,6517.0,1498.0,998.0,353.0
22178.0,5701.0,5990.0,1375.0,947.0,309.0
22179.0,5546.0,5733.0,1368.0,930.0,312.0
22180.0,5142.0,5271.0,1193.0,881.0,311.0
22181.0,6232.0,6208.0,1344.0,944.0,305.0
22182.0,6461.0,6596.0,1541.0,988.0,351.0
22183.0,7194.0,7326.0,1658.0,1055.0,418.0
22184.0,6197.0,6151.0,1470.0,1018.0,333.0
22185.0,5860.0,5724.0,1248.0,777.0,242.0
22186.0,6832.0,6369.0,1500.0,998.0,360.0
22187.0,7701.0,7319.0,1620.0,1035.0,378.0
22188.0,7174.0,6311.0,1307.0,839.0,312.0
22189.0,8402.0,7921.0,1705.0,1094.0,388.0
22190.0,5866.0,4690.0,987.0,706.0,227.0
22191.0,5443.0,4832.0,1007.0,681.0,247.0
22192.0,6349.0,5740.0,1208.0,827.0,292.0
22193.0,6825.0,6116.0,1271.0,860.0,306.0
22194.0,6741.0,5725.0,1176.0,764.0,266.0
22195.0,7182.0,5906.0,1222.0,802.0,242.0
22196.0,7281.0,6102.0,1223.0,775.0,260.0
22197.0,10262.0,8827.0,1742.0,1085.0,415.0
22198.0,8839.0,7755.0,1626.0,1092.0,359.0
22199.0,10338.0,9851.0,2035.0,1384.0,459.0
22200.0,11815.0,11734.0,2617.0,1807.0,609.0
22201.0,9533.0,9793.0,2175.0,1278.0,476.0
22202.0,8460.0,8588.0,2030.0,1290.0,439.0
22203.0,7775.0,7776.0,1658.0,1148.0,379.0
22204.0,8168.0,7989.0,1833.0,1214.0,444.0
22205.0,6767.0,6398.0,1394.0,874.0,313.0
22206.0,5582.0,5129.0,1124.0,746.0,280.0
22207.0,7407.0,7166.0,1490.0,995.0,349.0
22208.0,9500.0,10001.0,2052.0,1384.0,492.0
22209.0,11788.0,12066.0,2597.0,1786.0,576.0
22210.0,10807.0,11407.0,2512.0,1680.0,581.0
22211.0,8413.0,8401.0,1891.0,1285.0,415.0
22212.0,8401.0,9101.0,2031.0,1389.0,471.0
22213.0,8477.0,9036.0,2095.0,1325.0,527.0
22214.0,8454.0,8743.0,1926.0,1270.0,470.0
22215.0,10717.0,11561.0,2598.0,1812.0,607.0
22216.0,10267.0,11134.0,2454.0,1695.0,578.0
22217.0,11011.0,11671.0,2641.0,1658.0,562.0
22218.0,12649.0,14185.0,3273.0,2133.0,722.0
22219.0,11533.0,13253.0,3132.0,2147.0,693.0
22220.0,5506.0,5391.0,1295.0,839.0,333.0
22221.0,5644.0,5345.0,1172.0,774.0,262.0
22222.0,4609.0,4089.0,874.0,588.0,247.0
22223.0,4771.0,4448.0,1002.0,648.0,262.0
22224.0,5829.0,5423.0,1209.0,745.0,326.0
22225.0,6009.0,5544.0,1170.0,756.0,278.0
22226.0,6657.0,6200.0,1296.0,930.0,335.0
22227.0,6014.0,5410.0,1108.0,755.0,286.0
22228.0,7325.0,7183.0,1616.0,981.0,354.0
22229.0,7508.0,7128.0,1532.0,997.0,348.0
22230.0,9035.0,9173.0,2005.0,1366.0,455.0
22231.0,8746.0,9165.0,2159.0,1378.0,516.0
22232.0,7962.0,7846.0,1736.0,1211.0,395.0
22233.0,8348.0,8318.0,1830.0,1270.0,422.0
22234.0,7867.0,8636.0,2079.0,1386.0,421.0
22235.0,8092.0,8645.0,1947.0,1309.0,441.0
22236.0,8791.0,9125.0,2203.0,1407.0,480.0
22237.0,8564.0,9295.0,2094.0,1447.0,502.0
22238.0,7995.0,8493.0,1982.0,1319.0,491.0
22239.0,5830.0,5824.0,1365.0,922.0,328.0
22240.0,4978.0,4854.0,1110.0,778.0,246.0
22241.0,5304.0,4704.0,1016.0,679.0,211.0
22242.0,6764.0,6128.0,1251.0,898.0,292.0
22243.0,7197.0,6890.0,1492.0,972.0,335.0
22244.0,7716.0,7115.0,1439.0,996.0,393.0
22245.0,9067.0,8656.0,1865.0,1217.0,476.0
22246.0,6854.0,6283.0,1307.0,824.0,287.0
22247.0,5928.0,5492.0,1170.0,775.0,266.0
22248.0,6109.0,5637.0,1140.0,768.0,311.0
22249.0,8557.0,8609.0,1918.0,1290.0,444.0
22250.0,9722.0,10301.0,2230.0,1537.0,521.0
22251.0,6693.0,6794.0,1604.0,1064.0,407.0
22252.0,5211.0,5242.0,1238.0,825.0,278.0
22253.0,5815.0,5838.0,1301.0,873.0,318.0
22254.0,5344.0,5687.0,1246.0,971.0,317.0
22255.0,6473.0,6588.0,1518.0,964.0,315.0
22256.0,6250.0,6197.0,1325.0,918.0,327.0
22257.0,5290.0,5584.0,1208.0,857.0,299.0
22258.0,6530.0,6383.0,1397.0,865.0,327.0
22259.0,7152.0,7302.0,1640.0,1085.0,397.0
22260.0,5750.0,5903.0,1405.0,909.0,299.0
22261.0,5694.0,5565.0,1234.0,883.0,294.0
22262.0,6472.0,6633.0,1608.0,1058.0,341.0
22263.0,8253.0,8296.0,1736.0,1158.0,384.0
22264.0,9344.0,9646.0,2235.0,1546.0,534.0
22265.0,8981.0,9139.0,2025.0,1353.0,495.0
22266.0,7809.0,7887.0,1727.0,1146.0,389.0
22267.0,9889.0,10519.0,2397.0,1612.0,545.0
22268.0,8874.0,9464.0,2174.0,1412.0,464.0
22269.0,10667.0,11571.0,2603.0,1719.0,612.0
22270.0,10941.0,11351.0,2474.0,1738.0,593.0
22271.0,8821.0,8814.0,1854.0,1257.0,427.0
22272.0,6974.0,6202.0,1227.0,772.0,289.0
22273.0,9457.0,8711.0,1769.0,1184.0,392.0
22274.0,8517.0,8283.0,1789.0,1217.0,410.0
22275.0,8287.0,7784.0,1654.0,1105.0,411.0
22276.0,7618.0,7462.0,1642.0,1105.0,402.0
22277.0,8074.0,8474.0,1973.0,1330.0,479.0
22278.0,6827.0,7269.0,1665.0,1218.0,417.0
22279.0,5150.0,5072.0,1209.0,762.0,273.0
22280.0,5976.0,6075.0,1355.0,910.0,290.0
22281.0,6653.0,7076.0,1643.0,1067.0,389.0
22282.0,6968.0,7366.0,1730.0,1174.0,372.0
22283.0,6309.0,6401.0,1436.0,954.0,374.0
22284.0,7668.0,7932.0,1740.0,1141.0,378.0
22285.0,9322.0,10277.0,2276.0,1605.0,552.0
22286.0,9892.0,10765.0,2561.0,1756.0,611.0
22287.0,8140.0,9169.0,2068.0,1379.0,484.0
22288.0,7464.0,7557.0,1782.0,1152.0,413.0
22289.0,6477.0,6103.0,1307.0,885.0,276.0
22290.0,6213.0,5929.0,1343.0,895.0,273.0
22291.0,4355.0,3797.0,822.0,529.0,191.0
22292.0,5581.0,4838.0,1010.0,643.0,231.0
22293.0,5336.0,4341.0,931.0,584.0,195.0
22294.0,5088.0,4041.0,786.0,512.0,185.0
22295.0,5648.0,4919.0,1060.0,706.0,220.0
22296.0,7081.0,6721.0,1439.0,945.0,334.0
22297.0,6135.0,5837.0,1322.0,848.0,323.0
22298.0,8077.0,8106.0,1771.0,1208.0,421.0
22299.0,9221.0,9222.0,1957.0,1316.0,510.0
22300.0,10247.0,9936.0,2183.0,1405.0,507.0
22301.0,10922.0,10491.0,2264.0,1552.0,592.0
22302.0,8223.0,8256.0,1912.0,1280.0,437.0
22303.0,8006.0,7743.0,1621.0,1076.0,395.0
22304.0,8493.0,7870.0,1607.0,1023.0,381.0
22305.0,9436.0,9087.0,1905.0,1279.0,462.0
22306.0,7378.0,6704.0,1498.0,909.0,308.0
22307.0,10205.0,10077.0,2169.0,1463.0,493.0
22308.0,11114.0,12204.0,2783.0,1781.0,627.0
22309.0,9933.0,10720.0,2517.0,1708.0,584.0
22310.0,7255.0,7421.0,1651.0,1168.0,400.0
22311.0,7205.0,7651.0,1782.0,1197.0,442.0
22312.0,7828.0,7516.0,1702.0,1079.0,380.0
22313.0,9792.0,9825.0,2176.0,1373.0,491.0
22314.0,8904.0,8932.0,2086.0,1393.0,478.0
22315.0,7043.0,7258.0,1694.0,1037.0,387.0
22316.0,8084.0,8591.0,1905.0,1304.0,429.0
22317.0,9681.0,10634.0,2268.0,1450.0,516.0
22318.0,10847.0,12207.0,2888.0,1909.0,695.0
22319.0,10475.0,11384.0,2724.0,1818.0,633.0
22320.0,10405.0,11165.0,2514.0,1679.0,617.0
22321.0,7132.0,7057.0,1574.0,1067.0,366.0
22322.0,7146.0,7088.0,1576.0,1014.0,384.0
22323.0,7664.0,7568.0,1689.0,1174.0,406.0
22324.0,6862.0,6630.0,1469.0,1019.0,385.0
22325.0,5584.0,5225.0,1049.0,758.0,252.0
22326.0,6317.0,5559.0,1095.0,732.0,277.0
22327.0,7311.0,6770.0,1452.0,983.0,354.0
22328.0,8080.0,7729.0,1694.0,1154.0,385.0
22329.0,8539.0,8367.0,1723.0,1197.0,399.0
22330.0,9364.0,10078.0,2425.0,1548.0,583.0
22331.0,7800.0,7891.0,1695.0,1101.0,375.0
22332.0,6529.0,6440.0,1370.0,903.0,332.0
22333.0,8035.0,8204.0,1850.0,1271.0,435.0
22334.0,7839.0,8325.0,1901.0,1236.0,466.0
22335.0,8010.0,8193.0,1844.0,1154.0,439.0
22336.0,8004.0,8363.0,1905.0,1234.0,424.0
22337.0,7660.0,7754.0,1599.0,1028.0,352.0
22338.0,9000.0,9260.0,2092.0,1340.0,463.0
22339.0,9003.0,9276.0,1963.0,1262.0,470.0
22340.0,11370.0,12405.0,2734.0,1858.0,632.0
22341.0,11342.0,11940.0,2771.0,1785.0,594.0
22342.0,12422.0,13220.0,2965.0,1895.0,672.0
22343.0,12662.0,14598.0,3448.0,2343.0,834.0
22344.0,8520.0,8841.0,1968.0,1322.0,446.0
22345.0,8333.0,8384.0,1871.0,1183.0,364.0
22346.0,6596.0,6355.0,1381.0,953.0,299.0
22347.0,7642.0,7155.0,1528.0,958.0,349.0
22348.0,8041.0,7529.0,1518.0,1081.0,390.0
22349.0,9786.0,9807.0,2206.0,1421.0,514.0
22350.0,8227.0,7917.0,1726.0,1197.0,380.0
22351.0,8566.0,8892.0,2041.0,1341.0,419.0
22352.0,8739.0,8844.0,1865.0,1277.0,464.0
22353.0,7619.0,7857.0,1824.0,1193.0,420.0
22354.0,7810.0,7662.0,1696.0,1137.0,355.0
22355.0,7964.0,8219.0,1817.0,1300.0,426.0
22356.0,6989.0,7514.0,1755.0,1214.0,384.0
22357.0,6987.0,7487.0,1702.0,1134.0,405.0
22358.0,8705.0,9164.0,2132.0,1477.0,491.0
22359.0,7939.0,8301.0,1789.0,1228.0,416.0
22360.0,9083.0,10168.0,2352.0,1596.0,572.0
22361.0,6969.0,7728.0,1852.0,1200.0,442.0
22362.0,8744.0,9380.0,2216.0,1477.0,512.0
22363.0,7561.0,7793.0,1848.0,1308.0,417.0
22364.0,5364.0,5555.0,1310.0,940.0,308.0
22365.0,5370.0,5606.0,1240.0,920.0,325.0
22366.0,7115.0,7269.0,1701.0,1168.0,425.0
22367.0,7435.0,7850.0,1752.0,1138.0,429.0
22368.0,8091.0,8473.0,1892.0,1295.0,422.0
22369.0,7700.0,7896.0,1831.0,1202.0,443.0
22370.0,9293.0,10146.0,2370.0,1583.0,546.0
22371.0,9839.0,11446.0,2655.0,1825.0,647.0
22372.0,7927.0,8444.0,2043.0,1341.0,523.0
22373.0,5774.0,5477.0,1326.0,846.0,330.0
22374.0,5440.0,5300.0,1216.0,829.0,292.0
22375.0,3847.0,3600.0,859.0,608.0,201.0
22376.0,4865.0,4671.0,1102.0,728.0,284.0
22377.0,6758.0,6384.0,1450.0,1019.0,343.0
22378.0,8130.0,8640.0,2033.0,1350.0,497.0
22379.0,6958.0,7521.0,1935.0,1216.0,438.0
22380.0,5474.0,5642.0,1247.0,844.0,286.0
22381.0,7751.0,8410.0,2030.0,1291.0,467.0
22382.0,7719.0,8594.0,2127.0,1420.0,520.0
22383.0,5918.0,6036.0,1409.0,1002.0,339.0
22384.0,5837.0,5879.0,1326.0,901.0,340.0
22385.0,6808.0,7244.0,1624.0,1047.0,373.0
22386.0,6650.0,6358.0,1472.0,967.0,338.0
22387.0,6686.0,6549.0,1370.0,905.0,307.0
22388.0,5652.0,5242.0,1124.0,817.0,293.0
22389.0,5684.0,5808.0,1234.0,815.0,297.0
22390.0,6116.0,6136.0,1338.0,886.0,309.0
22391.0,6372.0,6070.0,1417.0,908.0,324.0
22392.0,6125.0,5608.0,1271.0,817.0,291.0
22393.0,7704.0,7386.0,1643.0,1094.0,388.0
22394.0,9349.0,9972.0,2290.0,1619.0,536.0
22395.0,8283.0,9274.0,2143.0,1468.0,511.0
22396.0,6815.0,7147.0,1684.0,1113.0,366.0
22397.0,8011.0,8556.0,1981.0,1354.0,467.0
22398.0,6719.0,7196.0,1768.0,1161.0,439.0
22399.0,4893.0,5268.0,1300.0,887.0,322.0
22400.0,5328.0,5521.0,1257.0,846.0,317.0
22401.0,5337.0,5432.0,1308.0,846.0,308.0
22402.0,6882.0,7761.0,1900.0,1311.0,413.0
22403.0,6328.0,6552.0,1330.0,941.0,321.0
22404.0,7147.0,7401.0,1658.0,1180.0,354.0
22405.0,7382.0,7558.0,1690.0,1117.0,372.0
22406.0,8618.0,9360.0,2157.0,1460.0,508.0
22407.0,9230.0,9703.0,2088.0,1452.0,488.0
22408.0,8857.0,9881.0,2304.0,1521.0,550.0
22409.0,7631.0,7865.0,1704.0,1121.0,385.0
22410.0,9795.0,10619.0,2312.0,1622.0,534.0
22411.0,9724.0,10447.0,2395.0,1606.0,498.0
22412.0,11990.0,12778.0,2815.0,1840.0,613.0
22413.0,11450.0,12466.0,2845.0,1932.0,656.0
22414.0,11417.0,12855.0,3022.0,1983.0,674.0
22415.0,9477.0,10910.0,2564.0,1764.0,598.0
22416.0,8858.0,10136.0,2571.0,1654.0,555.0
22417.0,6034.0,6547.0,1556.0,1054.0,331.0
22418.0,6273.0,6222.0,1533.0,995.0,343.0
22419.0,5829.0,5339.0,1205.0,816.0,258.0
22420.0,6838.0,6615.0,1446.0,964.0,339.0
22421.0,6762.0,6326.0,1364.0,905.0,312.0
22422.0,7406.0,7202.0,1596.0,1065.0,335.0
22423.0,7070.0,6737.0,1435.0,940.0,345.0
22424.0,7741.0,6997.0,1430.0,1002.0,345.0
22425.0,6967.0,6271.0,1315.0,785.0,280.0
22426.0,6727.0,6052.0,1234.0,784.0,259.0
22427.0,6516.0,5279.0,1084.0,750.0,284.0
22428.0,7527.0,6448.0,1293.0,886.0,265.0
22429.0,10233.0,9596.0,1857.0,1110.0,394.0
22430.0,8932.0,7703.0,1550.0,982.0,382.0
22431.0,8217.0,7241.0,1528.0,1020.0,350.0
22432.0,6893.0,6112.0,1268.0,829.0,304.0
22433.0,6326.0,5901.0,1361.0,901.0,285.0
22434.0,6534.0,5845.0,1237.0,802.0,276.0
22435.0,6076.0,5046.0,1026.0,734.0,276.0
22436.0,7460.0,6598.0,1315.0,846.0,270.0
22437.0,7763.0,7296.0,1560.0,1046.0,355.0
22438.0,7834.0,7446.0,1584.0,1035.0,389.0
22439.0,7434.0,6867.0,1400.0,876.0,297.0
22440.0,9228.0,8874.0,1882.0,1115.0,369.0
22441.0,11121.0,11789.0,2558.0,1777.0,620.0
22442.0,8759.0,9679.0,2234.0,1449.0,496.0
22443.0,6728.0,6917.0,1526.0,971.0,376.0
22444.0,6892.0,6712.0,1538.0,957.0,363.0
22445.0,8307.0,8824.0,1944.0,1343.0,442.0
22446.0,4360.0,4243.0,1019.0,680.0,238.0
22447.0,4855.0,4796.0,1073.0,746.0,260.0
22448.0,8311.0,8689.0,2083.0,1262.0,460.0
22449.0,7469.0,7559.0,1669.0,1164.0,389.0
22450.0,7673.0,8005.0,1852.0,1208.0,414.0
22451.0,7616.0,7612.0,1711.0,1156.0,397.0
22452.0,7785.0,8052.0,1807.0,1246.0,414.0
22453.0,7843.0,8221.0,1895.0,1238.0,431.0
22454.0,6956.0,6921.0,1553.0,1120.0,375.0
22455.0,6420.0,6714.0,1590.0,1095.0,356.0
22456.0,5664.0,5907.0,1396.0,877.0,306.0
22457.0,4852.0,4794.0,1087.0,762.0,282.0
22458.0,6607.0,6688.0,1613.0,1092.0,381.0
22459.0,5911.0,6042.0,1446.0,1012.0,328.0
22460.0,6368.0,6208.0,1324.0,948.0,328.0
22461.0,5593.0,5591.0,1310.0,864.0,318.0
23227.0,5949.423,5868.684,1348.334,928.49347,340.11118
23230.0,6476.0,6782.0,1585.0,1127.0,346.0
23231.0,6598.0,6892.0,1680.0,1113.0,402.0
23232.0,4817.0,5219.0,1089.0,780.0,295.0
23233.0,6487.0,7097.0,1502.0,1153.0,352.0
23234.0,5395.0,5713.0,1353.0,854.0,298.0
23235.0,6776.0,7091.0,1612.0,1074.0,390.0
23236.0,5953.0,6064.0,1297.0,924.0,338.0
23237.0,6622.0,6255.0,1402.0,940.0,315.0
23238.0,6909.0,6320.0,1351.0,839.0,296.0
23239.0,8008.0,7295.0,1492.0,955.0,344.0
23240.0,6658.0,5946.0,1250.0,811.0,276.0
23241.0,6185.0,5063.0,982.0,659.0,223.0
23242.0,7157.0,6242.0,1320.0,869.0,317.0
23243.0,6044.0,5169.0,1070.0,647.0,261.0
23244.0,6681.0,5669.0,1103.0,727.0,258.0
23245.0,6008.0,4740.0,980.0,622.0,210.0
23246.0,6311.0,4950.0,976.0,675.0,239.0
23247.0,7896.0,6374.0,1291.0,866.0,311.0
23248.0,8375.0,6984.0,1390.0,864.0,307.0
23249.0,8053.0,6467.0,1237.0,748.0,280.0
23250.0,8270.0,6619.0,1202.0,778.0,269.0
23251.0,9310.0,7442.0,1413.0,901.0,333.0
23252.0,10332.0,8427.0,1521.0,978.0,350.0
23253.0,9787.0,7940.0,1511.0,954.0,348.0
23254.0,7739.0,6301.0,1168.0,772.0,269.0
23255.0,7124.0,5754.0,1164.0,767.0,301.0
23256.0,7941.0,6414.0,1270.0,848.0,306.0
23257.0,6944.0,5744.0,1091.0,698.0,251.0
23258.0,5787.0,4613.0,912.0,616.0,217.0
23259.0,8623.0,8077.0,1773.0,1078.0,406.0
23260.0,9750.0,9601.0,2086.0,1384.0,504.0
23261.0,9655.0,9585.0,2098.0,1393.0,456.0
23262.0,8793.0,8846.0,1994.0,1320.0,429.0
23263.0,9261.0,9503.0,2041.0,1406.0,517.0
23264.0,9395.0,9123.0,1897.0,1307.0,442.0
23265.0,10607.0,10525.0,2206.0,1402.0,502.0
23266.0,13441.0,13818.0,2882.0,1784.0,660.0
23267.0,12602.0,12857.0,2717.0,1831.0,607.0
23268.0,10383.0,10196.0,2199.0,1419.0,491.0
23269.0,11876.0,12404.0,2758.0,1840.0,615.0
23270.0,11351.0,12218.0,2749.0,1794.0,641.0
23271.0,12410.0,13369.0,3026.0,2006.0,676.0
23272.0,12301.0,13483.0,2979.0,2027.0,718.0
23273.0,12538.0,13414.0,2923.0,1854.0,648.0
23274.0,12569.0,13954.0,3078.0,2060.0,662.0
23275.0,11340.0,12408.0,2876.0,1887.0,665.0
23276.0,8111.0,8320.0,1925.0,1262.0,437.0
23277.0,6954.0,7539.0,1744.0,1142.0,396.0
23278.0,7127.0,7310.0,1717.0,1039.0,396.0
23279.0,9144.0,9402.0,2145.0,1338.0,471.0
23280.0,9699.0,10321.0,2449.0,1677.0,607.0
23281.0,8837.0,9293.0,2161.0,1462.0,513.0
23282.0,8690.0,9435.0,2290.0,1468.0,515.0
23283.0,7554.0,7580.0,1677.0,1183.0,435.0
23284.0,7179.0,7221.0,1630.0,1094.0,393.0
23285.0,7373.0,7051.0,1477.0,1010.0,383.0
23286.0,8341.0,8126.0,1830.0,1156.0,402.0
23287.0,9121.0,9256.0,2115.0,1366.0,494.0
23288.0,8084.0,7567.0,1666.0,1034.0,398.0
23289.0,8626.0,8379.0,1857.0,1234.0,443.0
23290.0,6890.0,7421.0,1740.0,1182.0,429.0
23291.0,6634.0,7324.0,1696.0,1205.0,437.0
23292.0,6742.0,6890.0,1560.0,971.0,382.0
23293.0,7912.0,8448.0,1903.0,1364.0,441.0
23294.0,7130.0,7661.0,1922.0,1276.0,464.0
23295.0,5426.0,5533.0,1335.0,902.0,344.0
23296.0,4743.0,4500.0,1058.0,731.0,276.0
23297.0,5774.0,5625.0,1270.0,824.0,308.0
23298.0,7591.0,8199.0,1893.0,1235.0,430.0
23299.0,7731.0,8424.0,1952.0,1291.0,442.0
23300.0,8701.0,9359.0,2147.0,1508.0,552.0
23301.0,6080.0,5786.0,1227.0,889.0,342.0
23302.0,6641.0,6182.0,1278.0,901.0,300.0
23303.0,6918.0,6556.0,1347.0,894.0,331.0
23304.0,9516.0,9757.0,2162.0,1392.0,533.0
23305.0,8548.0,8548.0,1968.0,1355.0,470.0
23306.0,7669.0,8329.0,2001.0,1331.0,479.0
23307.0,6866.0,7692.0,1801.0,1209.0,450.0
23308.0,6017.0,6438.0,1473.0,1060.0,354.0
23309.0,6599.0,6846.0,1601.0,1008.0,371.0
23310.0,5527.0,5257.0,1151.0,806.0,282.0
23311.0,9908.0,10427.0,2372.0,1548.0,558.0
23312.0,9595.0,9216.0,2043.0,1339.0,481.0
23313.0,8331.0,7729.0,1543.0,1048.0,363.0
23314.0,8209.0,7377.0,1464.0,989.0,320.0
23315.0,8037.0,7551.0,1632.0,1027.0,387.0
23316.0,7425.0,6505.0,1414.0,889.0,341.0
23317.0,8380.0,7566.0,1592.0,1068.0,385.0
23318.0,8017.0,7738.0,1699.0,1148.0,418.0
23319.0,8673.0,8885.0,2042.0,1439.0,535.0
23320.0,5660.0,5688.0,1324.0,897.0,299.0
23321.0,6096.0,6204.0,1383.0,964.0,305.0
23322.0,5032.0,5116.0,1162.0,770.0,306.0
23323.0,4960.0,5090.0,1127.0,841.0,279.0
23324.0,6556.0,6372.0,1373.0,948.0,319.0
23325.0,7502.0,7770.0,1663.0,1083.0,365.0
23326.0,8843.0,8613.0,1830.0,1079.0,376.0
23327.0,12648.0,13564.0,2992.0,1930.0,639.0
23328.0,10247.0,10444.0,2257.0,1465.0,492.0
23329.0,10980.0,11612.0,2578.0,1718.0,615.0
23330.0,8793.0,9644.0,2272.0,1511.0,536.0
23331.0,7633.0,8148.0,1889.0,1202.0,392.0
23332.0,8557.0,9374.0,2125.0,1500.0,448.0
23333.0,7399.0,7783.0,1664.0,1176.0,411.0
23334.0,8092.0,8330.0,1945.0,1240.0,432.0
23335.0,10473.0,11342.0,2587.0,1735.0,583.0
23336.0,11721.0,12644.0,2825.0,1902.0,654.0
23337.0,7974.0,7698.0,1613.0,1123.0,378.0
23338.0,7611.0,7262.0,1494.0,961.0,349.0
23339.0,6503.0,5820.0,1190.0,798.0,301.0
23340.0,8209.0,7307.0,1424.0,862.0,334.0
23341.0,7111.0,6075.0,1187.0,794.0,298.0
23342.0,7191.0,6568.0,1300.0,864.0,296.0
23343.0,7434.0,6454.0,1359.0,910.0,309.0
23344.0,6600.0,6004.0,1285.0,791.0,308.0
23345.0,5726.0,4974.0,969.0,658.0,224.0
23346.0,6791.0,5789.0,1176.0,769.0,262.0
23347.0,7735.0,6955.0,1474.0,959.0,320.0
23348.0,6550.0,5675.0,1148.0,782.0,261.0
23349.0,5621.0,4485.0,948.0,639.0,200.0
23350.0,6395.0,5210.0,1035.0,682.0,218.0
23351.0,7942.0,6403.0,1313.0,813.0,310.0
23352.0,11453.0,10586.0,2161.0,1480.0,500.0
23353.0,12437.0,12338.0,2632.0,1732.0,622.0
23354.0,10289.0,10864.0,2345.0,1455.0,516.0
23355.0,6884.0,6663.0,1429.0,952.0,317.0
23356.0,6087.0,6139.0,1351.0,866.0,342.0
